timestamp,cpu usage (%),memory usage (MB),temperature (Celsius)
2023-02-21T09:45:38.665448,0.0,15519.688,48.25
2023-02-21T09:45:39.676182,6.369,15475.531,60.0
2023-02-21T09:45:40.685913,2.538,15475.531,34.0
2023-02-21T09:45:41.696144,1.425,15451.629,33.0
2023-02-21T09:45:42.706618,2.1,15451.645,35.0
2023-02-21T09:45:43.717052,1.488,15451.668,32.5
2023-02-21T09:45:44.727538,3.094,15451.727,58.5
2023-02-21T09:45:45.737653,16.15,15817.055,56.0
2023-02-21T09:45:46.747760,17.631,16120.891,59.5
2023-02-21T09:45:47.757888,17.631,16258.793,55.75
2023-02-21T09:45:48.768144,17.325,16409.102,57.5
2023-02-21T09:45:49.777885,17.206,16355.062,46.75
2023-02-21T09:45:50.787227,17.025,16444.625,44.75
2023-02-21T09:45:51.797957,15.706,16414.938,62.25
2023-02-21T09:45:52.807964,5.631,16414.949,35.75
2023-02-21T09:45:53.817885,7.237,16450.898,55.25
2023-02-21T09:45:54.827930,16.956,16295.316,55.25
2023-02-21T09:45:55.837894,17.081,16295.484,56.0
2023-02-21T09:45:56.848148,17.262,16403.094,47.75
2023-02-21T09:45:57.857897,17.144,16313.207,49.75
2023-02-21T09:45:58.869258,17.056,16425.73,55.0
2023-02-21T09:45:59.879698,14.106,16283.281,41.5
2023-02-21T09:46:00.888819,5.763,16283.281,35.25
2023-02-21T09:46:01.899247,14.287,16337.602,60.25
2023-02-21T09:46:02.909366,16.644,16240.957,45.75
2023-02-21T09:46:03.919580,17.756,16282.973,40.5
2023-02-21T09:46:04.929866,16.519,16361.488,56.0
2023-02-21T09:46:05.940149,17.262,16391.379,52.25
2023-02-21T09:46:06.949899,16.775,16499.492,55.25
2023-02-21T09:46:07.960265,7.669,16427.793,36.0
2023-02-21T09:46:08.970033,9.219,16403.355,43.0
2023-02-21T09:46:09.981223,17.244,16288.781,61.25
2023-02-21T09:46:10.991615,17.381,16433.129,53.25
2023-02-21T09:46:12.001957,17.194,16347.801,64.0
2023-02-21T09:46:13.012519,16.95,16402.941,62.0
2023-02-21T09:46:14.023112,17.5,16378.738,46.5
2023-02-21T09:46:15.033347,12.438,16408.66,36.0
2023-02-21T09:46:16.043583,5.381,16408.66,36.0
2023-02-21T09:46:17.053470,15.594,16379.078,42.5
2023-02-21T09:46:18.064173,17.438,16426.469,56.75
2023-02-21T09:46:19.075181,16.688,16414.695,49.25
2023-02-21T09:46:20.085886,16.575,16433.18,47.0
2023-02-21T09:46:21.096643,17.869,16313.48,58.75
2023-02-21T09:46:22.105907,17.462,16371.754,44.25
2023-02-21T09:46:23.116949,5.75,16391.348,34.75
2023-02-21T09:46:24.126426,11.081,16397.309,53.75
2023-02-21T09:46:25.136517,17.819,16325.641,56.75
2023-02-21T09:46:26.147039,17.069,16432.676,50.25
2023-02-21T09:46:27.157242,17.569,16289.836,60.25
2023-02-21T09:46:28.168186,17.125,16402.691,61.25
2023-02-21T09:46:29.177889,17.269,16355.234,56.5
2023-02-21T09:46:30.188182,10.519,16408.957,35.75
2023-02-21T09:46:31.197886,6.069,16367.254,44.75
2023-02-21T09:46:32.208137,17.012,16432.855,57.75
2023-02-21T09:46:33.217931,17.269,16343.098,53.75
2023-02-21T09:46:34.232933,17.425,16457.262,59.25
2023-02-21T09:46:35.243308,16.887,16408.711,52.0
2023-02-21T09:46:36.253777,17.562,16327.832,67.0
2023-02-21T09:46:37.264457,15.769,16372.875,37.5
2023-02-21T09:46:38.273926,5.944,16372.875,37.5
2023-02-21T09:46:39.284054,12.681,16416.012,58.5
2023-02-21T09:46:40.293974,17.144,16421.652,46.75
2023-02-21T09:46:41.304887,17.5,16445.48,56.25
2023-02-21T09:46:42.315308,17.319,16279.449,51.75
2023-02-21T09:46:43.325890,17.012,16481.152,51.25
2023-02-21T09:46:44.336107,17.075,16433.309,55.25
2023-02-21T09:46:45.345896,9.531,16415.371,36.25
2023-02-21T09:46:46.356573,7.912,16281.676,44.75
2023-02-21T09:46:47.367923,17.556,16325.703,49.75
2023-02-21T09:46:48.379472,17.731,16259.438,60.5
2023-02-21T09:46:49.389823,17.75,16194.664,47.75
2023-02-21T09:46:50.401044,17.181,16319.18,53.25
2023-02-21T09:46:51.412241,17.119,16385.594,48.5
2023-02-21T09:46:52.421896,13.869,16337.672,38.75
2023-02-21T09:46:53.432154,5.319,16337.672,36.25
2023-02-21T09:46:54.441899,13.369,16228.441,46.5
2023-02-21T09:46:55.452274,16.825,16247.371,61.5
2023-02-21T09:46:56.461973,17.019,16231.066,59.25
2023-02-21T09:46:57.472527,17.131,16170.297,44.5
2023-02-21T09:46:58.483313,17.375,16190.02,48.5
2023-02-21T09:46:59.493994,18.119,16285.133,63.25
2023-02-21T09:47:00.504555,8.225,16205.77,37.5
2023-02-21T09:47:01.515022,3.775,15386.176,33.5
2023-02-21T09:47:02.525499,6.25,15386.223,61.0
2023-02-21T09:47:03.535515,15.844,15713.574,60.75
2023-02-21T09:47:04.545582,11.881,16109.574,40.75
2023-02-21T09:47:05.555727,12.188,16151.773,42.25
2023-02-21T09:47:06.565884,11.694,16109.41,46.25
2023-02-21T09:47:07.576002,11.387,16322.328,60.25
2023-02-21T09:47:08.585894,11.2,16107.73,45.25
2023-02-21T09:47:09.596300,11.319,16309.355,47.5
2023-02-21T09:47:10.605949,11.325,16343.215,45.0
2023-02-21T09:47:11.616498,11.875,16374.699,40.25
2023-02-21T09:47:12.626990,11.938,16492.824,47.75
2023-02-21T09:47:13.637153,11.756,16457.84,43.75
2023-02-21T09:47:14.647689,12.062,16301.625,43.5
2023-02-21T09:47:15.657834,11.569,16338.191,59.25
2023-02-21T09:47:16.668073,6.681,16374.086,51.0
2023-02-21T09:47:17.677879,5.756,16374.086,36.0
2023-02-21T09:47:18.688054,4.95,16392.258,45.0
2023-02-21T09:47:19.697913,11.45,16302.16,56.5
2023-02-21T09:47:20.709126,11.744,16392.371,66.0
2023-02-21T09:47:21.719219,11.756,16410.133,62.5
2023-02-21T09:47:22.729719,11.938,16395.16,64.75
2023-02-21T09:47:23.739775,12.006,16295.965,41.0
2023-02-21T09:47:24.749891,11.631,16051.844,60.25
2023-02-21T09:47:25.759978,12.006,16373.637,41.5
2023-02-21T09:47:26.769892,12.131,16258.332,41.0
2023-02-21T09:47:27.780231,12.312,16469.531,42.5
2023-02-21T09:47:28.789886,12.256,16262.57,56.5
2023-02-21T09:47:29.800071,11.756,16278.289,47.25
2023-02-21T09:47:30.809884,11.575,16224.074,52.75
2023-02-21T09:47:31.820067,6.744,16331.867,37.0
2023-02-21T09:47:32.829891,6.931,16296.0,41.25
2023-02-21T09:47:33.840359,11.444,16337.938,52.5
2023-02-21T09:47:34.849902,11.637,16307.844,63.5
2023-02-21T09:47:35.860755,11.069,16512.453,54.5
2023-02-21T09:47:36.870929,12.062,16272.172,39.25
2023-02-21T09:47:37.881543,11.562,16392.316,42.5
2023-02-21T09:47:38.891761,11.262,16296.305,41.75
2023-02-21T09:47:39.901823,11.881,16350.277,44.5
2023-02-21T09:47:40.912111,11.756,16535.766,44.5
2023-02-21T09:47:41.923002,11.994,16332.086,46.0
2023-02-21T09:47:42.933012,11.506,16439.809,43.25
2023-02-21T09:47:43.944288,11.312,16174.422,42.25
2023-02-21T09:47:44.953879,12.069,16332.055,45.5
2023-02-21T09:47:45.963874,5.2,16337.984,39.25
2023-02-21T09:47:46.973886,8.169,16470.32,53.75
2023-02-21T09:47:47.984027,11.881,16296.398,44.25
2023-02-21T09:47:48.993892,12.194,16559.91,41.75
2023-02-21T09:47:50.004086,11.381,16476.246,55.0
2023-02-21T09:47:51.014938,12.056,16152.527,60.75
2023-02-21T09:47:52.024998,12.006,16232.09,55.5
2023-02-21T09:47:53.035095,11.881,16296.477,41.25
2023-02-21T09:47:54.045442,12.125,16253.441,57.5
2023-02-21T09:47:55.055875,11.631,16361.965,39.75
2023-02-21T09:47:56.065887,11.325,16485.176,60.5
2023-02-21T09:47:57.076136,11.819,16358.641,48.5
2023-02-21T09:47:58.085985,12.006,16392.25,40.0
2023-02-21T09:47:59.096509,11.256,16530.742,40.75
2023-02-21T09:48:00.105875,5.575,16530.742,44.75
2023-02-21T09:48:01.115827,8.6,16488.605,60.25
2023-02-21T09:48:02.125893,11.137,16510.012,55.5
2023-02-21T09:48:03.136283,11.256,16470.859,60.0
2023-02-21T09:48:04.145883,11.762,16544.633,48.5
2023-02-21T09:48:05.156156,11.075,16818.309,61.25
2023-02-21T09:48:06.165892,11.45,16614.703,65.25
2023-02-21T09:48:07.176031,11.631,16312.844,43.25
2023-02-21T09:48:08.186553,11.75,16440.434,45.25
2023-02-21T09:48:09.196607,11.631,16470.074,46.5
2023-02-21T09:48:10.206732,11.756,16566.914,43.25
2023-02-21T09:48:11.217174,11.812,16608.59,64.25
2023-02-21T09:48:12.227285,11.506,16468.059,46.25
2023-02-21T09:48:13.237550,9.344,16416.551,36.75
2023-02-21T09:48:14.246998,6.131,16416.551,37.0
2023-02-21T09:48:15.256923,9.594,16488.332,40.5
2023-02-21T09:48:16.267463,11.319,16500.84,47.25
2023-02-21T09:48:17.277525,11.325,16644.594,42.5
2023-02-21T09:48:18.288398,11.375,16542.754,43.0
2023-02-21T09:48:19.297917,11.825,16522.113,60.75
2023-02-21T09:48:20.308510,11.506,16476.297,44.5
2023-02-21T09:48:21.317886,11.825,16435.285,56.5
2023-02-21T09:48:22.328012,11.387,16398.754,57.25
2023-02-21T09:48:23.337957,11.944,16489.602,61.75
2023-02-21T09:48:24.347960,11.819,16398.508,51.75
2023-02-21T09:48:25.357884,12.194,16548.562,61.25
2023-02-21T09:48:26.368002,12.438,16404.375,42.5
2023-02-21T09:48:27.378963,8.531,16512.715,36.75
2023-02-21T09:48:28.389737,5.562,16512.73,54.0
2023-02-21T09:48:29.399762,10.644,16314.879,46.75
2023-02-21T09:48:30.409954,11.444,16369.758,58.75
2023-02-21T09:48:31.420467,11.631,16518.66,52.5
2023-02-21T09:48:32.429884,11.762,16482.277,41.0
2023-02-21T09:48:33.439979,12.25,16367.395,42.0
2023-02-21T09:48:34.449890,12.256,16308.66,40.5
2023-02-21T09:48:35.460042,11.569,16422.766,39.75
2023-02-21T09:48:36.469928,12.444,16261.383,50.0
2023-02-21T09:48:37.480308,11.756,16566.484,41.5
2023-02-21T09:48:38.489903,12.012,16596.316,63.25
2023-02-21T09:48:39.500035,11.631,16572.523,46.75
2023-02-21T09:48:40.509885,11.819,16530.699,52.25
2023-02-21T09:48:41.519944,7.981,16440.664,38.75
2023-02-21T09:48:42.530019,5.2,16500.75,58.75
2023-02-21T09:48:43.540256,11.938,16308.461,46.75
2023-02-21T09:48:44.549894,11.825,16395.41,51.75
2023-02-21T09:48:45.560051,11.756,16434.562,52.75
2023-02-21T09:48:46.569887,12.006,16662.473,46.75
2023-02-21T09:48:47.580164,11.444,16472.074,46.25
2023-02-21T09:48:48.589893,11.331,16537.473,42.25
2023-02-21T09:48:49.600193,11.444,16548.551,53.5
2023-02-21T09:48:50.609890,10.831,16308.758,62.75
2023-02-21T09:48:51.620664,11.312,16339.82,42.0
2023-02-21T09:48:52.631693,11.806,16453.039,54.5
2023-02-21T09:48:53.641884,11.387,16627.75,50.5
2023-02-21T09:48:54.651345,11.637,16350.656,41.0
2023-02-21T09:48:55.661618,6.312,16404.195,37.25
2023-02-21T09:48:56.672099,6.744,16500.457,55.0
2023-02-21T09:48:57.681885,11.762,16548.324,59.5
2023-02-21T09:48:58.692492,11.75,16686.207,51.5
2023-02-21T09:48:59.703064,11.319,16671.941,58.0
2023-02-21T09:49:00.713123,11.569,16590.672,45.25
2023-02-21T09:49:01.723243,11.387,16512.652,41.75
2023-02-21T09:49:02.733330,11.756,16644.273,42.0
2023-02-21T09:49:03.743661,12.188,16517.852,49.0
2023-02-21T09:49:04.753722,12.006,16456.957,42.25
2023-02-21T09:49:05.764258,11.875,16420.668,42.0
2023-02-21T09:49:06.774750,11.75,16602.684,61.25
2023-02-21T09:49:07.784941,11.819,16422.641,41.75
2023-02-21T09:49:08.795344,11.631,16524.703,48.0
2023-02-21T09:49:09.805439,5.819,16446.621,38.0
2023-02-21T09:49:10.815503,8.044,16312.457,43.25
2023-02-21T09:49:11.825617,11.631,16428.418,47.25
2023-02-21T09:49:12.835762,12.125,16440.289,50.0
2023-02-21T09:49:13.845880,11.756,16332.219,42.5
2023-02-21T09:49:14.856004,12.062,16416.629,44.75
2023-02-21T09:49:15.865892,11.756,16325.266,59.0
2023-02-21T09:49:16.875913,11.819,16386.301,43.5
2023-02-21T09:49:17.885891,11.137,16362.945,48.5
2023-02-21T09:49:18.896025,11.881,16560.465,43.5
2023-02-21T09:49:19.905904,11.944,16386.68,51.0
2023-02-21T09:49:20.916280,12.0,16476.223,58.75
2023-02-21T09:49:21.925891,11.019,16428.715,61.25
2023-02-21T09:49:22.936397,10.95,16392.449,41.0
2023-02-21T09:49:23.946436,4.95,16392.449,36.75
2023-02-21T09:49:24.956258,9.037,16567.727,63.75
2023-02-21T09:49:25.965879,11.206,16458.953,43.0
2023-02-21T09:49:26.976803,11.438,16615.055,41.5
2023-02-21T09:49:27.987250,11.506,16490.059,41.25
2023-02-21T09:49:28.997678,11.562,16628.148,63.0
2023-02-21T09:49:30.008375,11.562,16426.242,51.5
2023-02-21T09:49:31.018975,11.812,16446.887,50.5
2023-02-21T09:49:32.029190,11.319,16488.918,57.75
2023-02-21T09:49:33.039344,11.756,16572.934,44.5
2023-02-21T09:49:34.049732,11.75,16620.738,51.0
2023-02-21T09:49:35.060219,11.938,16464.816,59.0
2023-02-21T09:49:36.070439,11.938,16452.77,42.25
2023-02-21T09:49:37.081125,9.588,16662.629,38.0
2023-02-21T09:49:38.091319,5.2,16662.629,37.75
2023-02-21T09:49:39.101398,9.65,16336.863,61.5
2023-02-21T09:49:40.111485,11.819,16425.402,46.75
2023-02-21T09:49:41.121701,11.938,16548.641,53.25
2023-02-21T09:49:42.131950,11.631,16602.574,57.0
2023-02-21T09:49:43.141900,11.631,16235.129,51.5
2023-02-21T09:49:44.152131,11.381,16464.719,40.5
2023-02-21T09:49:45.162862,11.625,16506.309,60.0
2023-02-21T09:49:46.173031,11.569,16458.219,41.75
2023-02-21T09:49:47.183816,12.244,16386.762,41.0
2023-02-21T09:49:48.195045,11.062,16267.203,50.5
2023-02-21T09:49:49.205225,11.756,16392.789,44.0
2023-02-21T09:49:50.215610,11.506,16569.625,65.75
2023-02-21T09:49:51.225822,9.588,16417.305,39.0
2023-02-21T09:49:52.236023,5.756,16417.305,37.75
2023-02-21T09:49:53.246303,9.65,16524.887,64.25
2023-02-21T09:49:54.256384,12.006,16440.773,42.75
2023-02-21T09:49:55.265905,11.762,16620.797,44.25
2023-02-21T09:49:56.276939,11.931,16320.859,40.25
2023-02-21T09:49:57.287595,12.119,16272.227,42.0
2023-02-21T09:49:58.298499,11.375,16398.977,45.25
2023-02-21T09:49:59.308853,11.444,16465.277,55.25
2023-02-21T09:50:00.319160,11.694,16351.75,52.0
2023-02-21T09:50:01.329666,11.506,16488.84,59.75
2023-02-21T09:50:02.339872,11.137,16542.656,61.0
2023-02-21T09:50:03.350527,12.056,16413.461,44.75
2023-02-21T09:50:04.361060,11.938,16598.246,62.5
2023-02-21T09:50:05.371188,8.231,16506.504,38.25
2023-02-21T09:50:06.381861,5.256,16506.496,37.25
2023-02-21T09:50:07.391993,11.944,16302.238,42.0
2023-02-21T09:50:08.401881,11.756,16518.535,46.75
2023-02-21T09:50:09.412055,12.25,16368.93,59.0
2023-02-21T09:50:10.421890,11.7,16375.363,43.0
2023-02-21T09:50:11.433079,12.3,16176.656,45.25
2023-02-21T09:50:12.443411,12.25,16429.938,60.75
2023-02-21T09:50:13.453898,12.0,16446.695,40.5
2023-02-21T09:50:14.464441,11.506,16411.004,43.5
2023-02-21T09:50:15.475157,11.256,16309.238,44.5
2023-02-21T09:50:16.485545,11.75,16560.789,42.75
2023-02-21T09:50:17.496432,11.562,16735.328,62.5
2023-02-21T09:50:18.507484,11.5,16554.422,63.0
2023-02-21T09:50:19.517555,7.737,16512.688,40.75
2023-02-21T09:50:20.528819,6.244,16356.77,50.75
2023-02-21T09:50:21.539101,11.256,16578.879,42.5
2023-02-21T09:50:22.549353,11.444,16734.781,45.75
2023-02-21T09:50:23.559828,11.256,16524.773,55.0
2023-02-21T09:50:24.569886,11.2,16615.066,52.25
2023-02-21T09:50:25.579941,11.506,16519.0,43.5
2023-02-21T09:50:26.589888,11.756,16356.77,65.75
2023-02-21T09:50:27.599931,11.944,16320.805,42.25
2023-02-21T09:50:28.609951,11.262,16561.434,41.75
2023-02-21T09:50:29.620244,12.0,16537.398,41.25
2023-02-21T09:50:30.629890,11.575,16442.852,44.75
2023-02-21T09:50:31.640128,12.125,16339.16,41.25
2023-02-21T09:50:32.649883,12.131,16311.141,61.5
2023-02-21T09:50:33.660154,6.188,16266.66,37.25
2023-02-21T09:50:34.669891,7.369,16356.902,43.0
2023-02-21T09:50:35.680155,11.631,16284.703,42.5
2023-02-21T09:50:36.689884,11.325,16319.277,61.0
2023-02-21T09:50:37.699961,12.069,16384.688,61.0
2023-02-21T09:50:38.709882,11.694,16512.562,52.5
2023-02-21T09:50:39.720182,11.694,16453.031,49.5
2023-02-21T09:50:40.730881,11.625,16686.793,49.5
2023-02-21T09:50:41.741616,11.256,16717.047,62.5
2023-02-21T09:50:42.752562,12.181,16345.363,49.25
2023-02-21T09:50:43.761882,11.644,16380.918,54.75
2023-02-21T09:50:44.771995,11.881,16230.441,62.25
2023-02-21T09:50:45.782170,12.125,16236.57,60.5
2023-02-21T09:50:46.792263,11.2,16308.875,41.75
2023-02-21T09:50:47.802254,5.138,16308.875,39.0
2023-02-21T09:50:48.812361,7.612,16283.309,48.25
2023-02-21T09:50:49.821894,11.144,16309.008,50.75
2023-02-21T09:50:50.832022,11.506,16271.812,42.5
2023-02-21T09:50:51.841890,11.45,16501.246,48.75
2023-02-21T09:50:52.852002,11.756,16350.961,46.0
2023-02-21T09:50:53.861899,11.45,16477.293,47.0
2023-02-21T09:50:54.872455,11.688,16765.156,44.25
2023-02-21T09:50:55.881896,11.762,16584.832,47.0
2023-02-21T09:50:56.891988,11.631,16555.238,43.0
2023-02-21T09:50:57.901887,12.256,16632.695,42.25
2023-02-21T09:50:58.912143,11.262,16764.781,43.75
2023-02-21T09:50:59.921881,11.825,16482.918,62.0
2023-02-21T09:51:00.931972,10.213,16458.898,39.0
2023-02-21T09:51:01.942376,5.256,16458.898,38.5
2023-02-21T09:51:02.952510,8.85,16650.895,50.25
2023-02-21T09:51:03.961898,10.963,16615.008,51.5
2023-02-21T09:51:04.972086,11.381,16692.473,45.75
2023-02-21T09:51:05.981897,11.2,16518.75,41.25
2023-02-21T09:51:06.992200,11.381,16638.703,44.75
2023-02-21T09:51:08.001882,11.45,16476.98,44.75
2023-02-21T09:51:09.011951,11.819,16566.648,43.0
2023-02-21T09:51:10.022078,12.312,16476.844,44.5
2023-02-21T09:51:11.032546,11.194,16566.871,41.75
2023-02-21T09:51:12.042926,11.319,16632.93,42.5
2023-02-21T09:51:13.053409,11.75,16538.637,44.75
2023-02-21T09:51:14.063566,12.062,16381.004,60.0
2023-02-21T09:51:15.073667,9.281,16273.113,38.5
2023-02-21T09:51:16.083856,5.2,16273.113,38.75
2023-02-21T09:51:17.093907,10.887,16279.133,43.0
2023-02-21T09:51:18.104466,11.994,16404.566,60.0
2023-02-21T09:51:19.114946,11.694,16703.688,59.0
2023-02-21T09:51:20.125328,11.506,16806.246,49.5
2023-02-21T09:51:21.135637,11.812,16428.297,42.25
2023-02-21T09:51:22.145889,11.694,16411.082,59.5
2023-02-21T09:51:23.156274,11.256,16440.938,43.25
2023-02-21T09:51:24.166827,11.875,16603.148,54.0
2023-02-21T09:51:25.176951,11.819,16416.816,41.5
2023-02-21T09:51:26.187247,11.756,16572.613,45.25
2023-02-21T09:51:27.197656,11.381,16398.273,63.0
2023-02-21T09:51:28.207908,11.506,16330.254,41.25
2023-02-21T09:51:29.217897,8.975,16368.676,38.5
2023-02-21T09:51:30.228271,5.506,16368.676,38.25
2023-02-21T09:51:31.238793,10.144,16218.578,59.75
2023-02-21T09:51:32.249428,11.194,16494.137,42.75
2023-02-21T09:51:33.259717,11.631,16490.605,66.0
2023-02-21T09:51:34.269909,12.062,16362.973,43.75
2023-02-21T09:51:35.280382,11.812,16490.34,63.5
2023-02-21T09:51:36.289885,11.762,16345.375,41.75
2023-02-21T09:51:37.300248,11.875,16392.652,42.0
2023-02-21T09:51:38.311161,11.806,16351.375,60.5
2023-02-21T09:51:39.321386,11.2,16644.547,42.5
2023-02-21T09:51:40.331951,11.444,16458.359,68.5
2023-02-21T09:51:41.341891,11.387,16458.625,45.25
2023-02-21T09:51:42.352339,11.256,16554.906,57.25
2023-02-21T09:51:43.361880,6.875,16530.941,40.25
2023-02-21T09:51:44.371934,5.631,16530.938,44.75
2023-02-21T09:51:45.381890,11.631,16309.0,42.0
2023-02-21T09:51:46.392131,11.756,16384.32,54.25
2023-02-21T09:51:47.401886,11.262,16483.113,60.0
2023-02-21T09:51:48.412130,10.331,16338.914,61.25
2023-02-21T09:51:49.421888,11.144,16548.684,54.5
2023-02-21T09:51:50.432140,11.262,16620.875,60.25
2023-02-21T09:51:51.441903,11.325,16656.785,49.25
2023-02-21T09:51:52.452080,11.756,16770.363,63.25
2023-02-21T09:51:53.461954,11.756,16338.754,43.5
2023-02-21T09:51:54.472100,11.819,16290.992,42.5
2023-02-21T09:51:55.481882,11.387,16446.625,61.25
2023-02-21T09:51:56.491987,11.2,16314.902,41.75
2023-02-21T09:51:57.501872,5.2,16314.902,40.0
2023-02-21T09:51:58.511832,8.294,16441.09,60.0
2023-02-21T09:51:59.521885,11.262,16584.113,60.0
2023-02-21T09:52:00.531946,11.694,16590.973,42.25
2023-02-21T09:52:01.541912,11.944,16458.832,42.75
2023-02-21T09:52:02.553172,11.619,16284.277,45.0
2023-02-21T09:52:03.563283,11.569,16410.855,53.75
2023-02-21T09:52:04.573766,11.812,16369.031,41.75
2023-02-21T09:52:05.584379,11.688,16392.863,41.75
2023-02-21T09:52:06.593889,11.825,16572.895,44.75
2023-02-21T09:52:07.604207,11.756,16585.367,44.0
2023-02-21T09:52:08.613887,11.081,16399.363,43.25
2023-02-21T09:52:09.624337,11.688,16531.559,57.0
2023-02-21T09:52:10.634711,9.775,16440.988,40.25
2023-02-21T09:52:11.644756,5.075,16440.988,41.75
2023-02-21T09:52:12.653922,10.65,16464.848,49.0
2023-02-21T09:52:13.664363,11.812,16555.047,65.25
2023-02-21T09:52:14.673900,11.7,16386.891,44.0
2023-02-21T09:52:15.684423,10.825,16441.227,59.25
2023-02-21T09:52:16.693896,11.394,16596.887,42.5
2023-02-21T09:52:17.704334,11.631,16218.875,44.25
2023-02-21T09:52:18.713880,11.7,16290.582,57.75
2023-02-21T09:52:19.723949,12.006,16279.047,53.5
2023-02-21T09:52:20.733990,11.506,16381.23,42.75
2023-02-21T09:52:21.745432,11.806,16562.449,62.5
2023-02-21T09:52:22.756199,11.625,16621.082,61.25
2023-02-21T09:52:23.765890,11.637,16429.18,67.5
2023-02-21T09:52:24.776123,8.044,16549.055,39.25
2023-02-21T09:52:25.785952,5.138,16537.195,44.0
2023-02-21T09:52:26.796273,11.075,16350.984,57.25
2023-02-21T09:52:27.805892,11.081,16537.59,53.0
2023-02-21T09:52:28.816445,11.688,16411.137,47.0
2023-02-21T09:52:29.825887,11.825,16434.922,65.75
2023-02-21T09:52:30.836075,11.325,16297.059,56.75
2023-02-21T09:52:31.845905,11.575,16321.125,63.25
2023-02-21T09:52:32.856119,11.262,16524.438,54.75
2023-02-21T09:52:33.865881,11.825,16548.691,42.0
2023-02-21T09:52:34.876001,12.006,16410.688,42.0
2023-02-21T09:52:35.885889,11.512,16764.258,65.0
2023-02-21T09:52:36.895979,12.006,16368.773,54.25
2023-02-21T09:52:37.905888,11.575,16722.711,54.0
2023-02-21T09:52:38.916174,6.062,16644.465,38.75
2023-02-21T09:52:39.925889,7.862,16273.699,44.25
2023-02-21T09:52:40.936112,11.819,16554.355,55.5
2023-02-21T09:52:41.945899,11.262,16342.152,48.5
2023-02-21T09:52:42.956498,11.938,16369.453,62.25
2023-02-21T09:52:43.967381,11.625,16471.352,62.0
2023-02-21T09:52:44.977659,10.762,16333.277,48.5
2023-02-21T09:52:45.987773,11.012,16345.152,41.75
2023-02-21T09:52:46.997886,11.444,16321.344,61.0
2023-02-21T09:52:48.008087,11.569,16409.078,49.0
2023-02-21T09:52:49.017893,11.325,16759.125,59.25
2023-02-21T09:52:50.028464,11.256,16285.391,41.75
2023-02-21T09:52:51.037891,11.331,16729.188,52.25
2023-02-21T09:52:52.047977,11.075,16513.051,42.5
2023-02-21T09:52:53.057881,4.825,16513.051,40.75
2023-02-21T09:52:54.067998,8.85,16386.762,47.75
2023-02-21T09:52:55.077887,11.694,16362.93,64.25
2023-02-21T09:52:56.088016,11.881,16417.086,64.5
2023-02-21T09:52:57.098839,10.819,16669.051,63.0
2023-02-21T09:52:58.109083,11.2,16584.922,49.25
2023-02-21T09:52:59.119391,11.319,16608.844,45.0
2023-02-21T09:53:00.129889,11.75,16643.477,49.0
2023-02-21T09:53:01.140350,11.194,16614.812,57.75
2023-02-21T09:53:02.150792,11.256,16566.914,47.0
2023-02-21T09:53:03.160917,11.012,16555.223,52.75
2023-02-21T09:53:04.171111,11.569,16578.812,57.5
2023-02-21T09:53:05.181662,11.75,16513.379,44.0
2023-02-21T09:53:06.192117,9.281,16469.961,43.75
2023-02-21T09:53:07.202343,4.825,16469.961,42.5
2023-02-21T09:53:08.212380,10.644,16691.895,47.25
2023-02-21T09:53:09.221883,11.206,16565.953,60.75
2023-02-21T09:53:10.231915,12.069,16625.715,61.25
2023-02-21T09:53:11.241900,11.45,16548.125,41.25
2023-02-21T09:53:12.252472,11.688,16553.742,46.75
2023-02-21T09:53:13.261895,12.075,16679.438,58.5
2023-02-21T09:53:14.272155,11.756,16631.859,50.75
2023-02-21T09:53:15.281886,11.637,16567.078,42.75
2023-02-21T09:53:16.292120,11.506,16830.168,58.5
2023-02-21T09:53:17.301908,12.131,16437.309,50.0
2023-02-21T09:53:18.313128,11.188,16799.797,65.25
2023-02-21T09:53:19.323717,10.512,16661.742,55.25
2023-02-21T09:53:20.333893,7.675,16644.145,38.5
2023-02-21T09:53:21.344749,4.45,16644.137,36.75
2023-02-21T09:53:22.355247,10.575,16602.414,53.25
2023-02-21T09:53:23.365456,11.325,16668.547,50.0
2023-02-21T09:53:24.375554,11.631,16722.277,44.25
2023-02-21T09:53:25.385638,12.188,16499.859,43.5
2023-02-21T09:53:26.395735,12.006,16536.582,54.25
2023-02-21T09:53:27.405886,11.387,16554.289,48.25
2023-02-21T09:53:28.416035,11.694,16608.395,50.25
2023-02-21T09:53:29.425882,11.637,16524.281,51.5
2023-02-21T09:53:30.435997,11.694,16627.012,44.5
2023-02-21T09:53:31.445889,11.881,16794.266,43.75
2023-02-21T09:53:32.456209,11.444,16632.289,42.25
2023-02-21T09:53:33.465906,11.262,16680.461,57.0
2023-02-21T09:53:34.476398,6.869,16536.332,42.25
2023-02-21T09:53:35.486564,5.938,16559.805,42.25
2023-02-21T09:53:36.497193,11.562,16685.824,63.75
2023-02-21T09:53:37.506982,11.944,16541.656,44.75
2023-02-21T09:53:38.517272,11.756,16614.105,47.75
2023-02-21T09:53:39.527797,11.444,16735.191,66.25
2023-02-21T09:53:40.538920,11.125,16949.988,63.5
2023-02-21T09:53:41.549163,11.319,16470.242,43.5
2023-02-21T09:53:42.559719,11.812,16649.93,57.5
2023-02-21T09:53:43.569890,11.012,16728.047,42.5
2023-02-21T09:53:44.580277,11.075,16665.637,58.5
2023-02-21T09:53:45.589995,11.7,16667.734,44.25
2023-02-21T09:53:46.600416,11.444,16559.891,62.25
2023-02-21T09:53:47.609952,11.825,16596.289,44.75
2023-02-21T09:53:48.621083,7.106,16596.289,40.0
2023-02-21T09:53:49.631621,6.806,16662.672,62.0
2023-02-21T09:53:50.641664,12.25,16619.793,53.75
2023-02-21T09:53:51.652009,12.556,16470.004,61.25
2023-02-21T09:53:52.661888,11.075,16476.113,52.0
2023-02-21T09:53:53.672015,11.569,16566.281,42.0
2023-02-21T09:53:54.681903,11.512,16613.652,52.5
2023-02-21T09:53:55.692045,11.387,16650.398,46.25
2023-02-21T09:53:56.701892,11.819,16638.43,42.75
2023-02-21T09:53:57.712260,11.319,16488.301,46.0
2023-02-21T09:53:58.721890,11.387,16630.293,60.25
2023-02-21T09:53:59.732093,11.256,16350.488,46.5
2023-02-21T09:54:00.741891,11.325,16359.719,67.0
2023-02-21T09:54:01.752067,11.381,16625.758,58.5
2023-02-21T09:54:02.761893,5.569,16517.672,39.25
2023-02-21T09:54:03.770977,8.175,16481.453,50.25
2023-02-21T09:54:04.781327,11.506,16422.004,42.75
2023-02-21T09:54:05.791705,11.444,16577.883,41.75
2023-02-21T09:54:06.801898,12.0,16608.262,43.5
2023-02-21T09:54:07.812404,11.688,16596.375,45.0
2023-02-21T09:54:08.821885,11.637,16446.016,41.75
2023-02-21T09:54:09.832126,11.819,16536.129,51.5
2023-02-21T09:54:10.841897,12.006,16572.262,45.0
2023-02-21T09:54:11.852274,11.694,16649.836,43.0
2023-02-21T09:54:12.861885,11.144,16595.719,49.5
2023-02-21T09:54:13.872079,10.762,16415.973,49.5
2023-02-21T09:54:14.882100,11.819,16531.758,63.25
2023-02-21T09:54:15.892999,10.637,16680.543,40.5
2023-02-21T09:54:16.903021,5.569,16680.543,40.0
2023-02-21T09:54:17.912978,7.981,16446.754,61.75
2023-02-21T09:54:18.923242,11.756,16446.32,41.75
2023-02-21T09:54:19.934039,11.994,16488.457,42.0
2023-02-21T09:54:20.944573,11.688,16626.461,52.25
2023-02-21T09:54:21.954842,11.756,16734.281,61.25
2023-02-21T09:54:22.964995,11.262,16584.469,54.5
2023-02-21T09:54:23.975200,11.819,16484.465,42.0
2023-02-21T09:54:24.985901,11.319,16589.699,47.75
2023-02-21T09:54:25.996211,11.075,16698.078,47.25
2023-02-21T09:54:27.005886,11.637,16637.586,45.75
2023-02-21T09:54:28.016056,11.506,16578.023,63.25
2023-02-21T09:54:29.025898,11.756,16644.242,42.75
2023-02-21T09:54:30.036384,9.713,16716.328,39.5
2023-02-21T09:54:31.047013,5.875,16716.328,40.25
2023-02-21T09:54:32.056971,9.838,16512.254,46.25
2023-02-21T09:54:33.067541,11.75,16542.719,47.0
2023-02-21T09:54:34.077724,11.444,16674.418,57.25
2023-02-21T09:54:35.087813,11.45,16710.098,64.75
2023-02-21T09:54:36.098012,11.506,16588.359,58.25
2023-02-21T09:54:37.108570,11.625,16781.84,62.5
2023-02-21T09:54:38.119584,12.056,16716.426,46.25
2023-02-21T09:54:39.129888,11.506,16890.066,53.25
2023-02-21T09:54:40.139975,11.2,16612.742,43.75
2023-02-21T09:54:41.149895,11.325,16578.215,47.75
2023-02-21T09:54:42.159969,11.819,16512.406,45.5
2023-02-21T09:54:43.169956,11.631,16632.504,44.5
2023-02-21T09:54:44.179623,8.356,16541.953,39.75
2023-02-21T09:54:45.189915,4.763,16547.871,43.75
2023-02-21T09:54:46.200654,11.256,16356.52,44.75
2023-02-21T09:54:47.209889,11.706,16517.965,48.25
2023-02-21T09:54:48.220094,11.444,16577.801,65.0
2023-02-21T09:54:49.229885,11.575,16536.207,43.0
2023-02-21T09:54:50.240014,11.631,16775.68,42.75
2023-02-21T09:54:51.249886,12.131,16494.203,53.25
2023-02-21T09:54:52.260059,11.694,16788.527,58.5
2023-02-21T09:54:53.269894,11.206,16590.473,44.0
2023-02-21T09:54:54.280458,11.381,16410.539,50.25
2023-02-21T09:54:55.290853,11.631,16692.277,66.25
2023-02-21T09:54:56.301183,11.938,16727.957,67.0
2023-02-21T09:54:57.312143,11.25,16559.91,65.25
2023-02-21T09:54:58.321882,6.75,16530.008,46.0
2023-02-21T09:54:59.332251,5.875,16470.328,64.0
2023-02-21T09:55:00.341897,11.45,16835.883,57.75
2023-02-21T09:55:01.352064,11.506,16488.266,48.25
2023-02-21T09:55:02.362951,11.069,16482.039,45.25
2023-02-21T09:55:03.373209,11.756,16494.711,52.5
2023-02-21T09:55:04.383385,11.2,16472.965,51.5
2023-02-21T09:55:05.393473,11.569,16470.188,45.75
2023-02-21T09:55:06.404884,11.863,16536.223,45.0
2023-02-21T09:55:07.415322,11.75,16643.469,46.25
2023-02-21T09:55:08.425529,11.325,16812.262,46.5
2023-02-21T09:55:09.435762,11.938,16506.254,57.0
2023-02-21T09:55:10.445865,11.444,16458.109,43.75
2023-02-21T09:55:11.455985,11.756,16643.859,43.75
2023-02-21T09:55:12.465884,5.325,16643.859,39.25
2023-02-21T09:55:13.475933,8.662,16595.77,43.25
2023-02-21T09:55:14.485880,11.944,16619.801,43.25
2023-02-21T09:55:15.496099,11.881,16529.926,48.75
2023-02-21T09:55:16.505882,11.512,16475.828,58.5
2023-02-21T09:55:17.515959,11.387,16632.066,65.0
2023-02-21T09:55:18.525935,11.694,16427.812,45.5
2023-02-21T09:55:19.536599,11.75,16565.828,43.5
2023-02-21T09:55:20.545897,11.887,16523.77,52.25
2023-02-21T09:55:21.556027,11.944,16487.371,57.0
2023-02-21T09:55:22.565892,11.944,16529.934,60.25
2023-02-21T09:55:23.576444,11.194,16542.211,43.0
2023-02-21T09:55:24.585882,11.019,16531.957,63.75
2023-02-21T09:55:25.595942,10.95,16590.25,41.75
2023-02-21T09:55:26.605883,5.325,16590.25,38.5
2023-02-21T09:55:27.615795,9.156,16290.02,43.75
2023-02-21T09:55:28.625883,11.631,16673.816,56.25
2023-02-21T09:55:29.636066,11.819,16410.238,64.0
2023-02-21T09:55:30.645890,11.144,16428.133,42.75
2023-02-21T09:55:31.656370,11.319,16281.062,49.5
2023-02-21T09:55:32.665988,10.769,16368.324,58.5
2023-02-21T09:55:33.676917,11.625,16521.699,58.5
2023-02-21T09:55:34.687209,11.694,16458.066,46.75
2023-02-21T09:55:35.697881,11.319,16566.051,63.0
2023-02-21T09:55:36.707939,10.831,16470.008,48.75
2023-02-21T09:55:37.717886,11.575,16355.777,46.5
2023-02-21T09:55:38.728027,12.062,16590.25,62.0
2023-02-21T09:55:39.737940,8.787,16638.414,39.0
2023-02-21T09:55:40.748503,5.319,16638.414,40.75
2023-02-21T09:55:41.757897,10.463,16919.797,58.75
2023-02-21T09:55:42.768662,11.131,16752.25,49.0
2023-02-21T09:55:43.778914,11.694,16439.957,53.5
2023-02-21T09:55:44.789178,11.444,16499.562,50.75
2023-02-21T09:55:45.799422,11.381,16601.723,49.5
2023-02-21T09:55:46.809690,11.506,16817.824,46.75
2023-02-21T09:55:47.820273,11.256,16464.461,65.25
2023-02-21T09:55:48.831379,11.744,16548.039,66.5
2023-02-21T09:55:49.841881,11.194,16716.078,65.25
2023-02-21T09:55:50.851955,11.137,16537.609,56.5
2023-02-21T09:55:51.861892,12.006,16350.059,48.25
2023-02-21T09:55:52.872041,11.444,16626.07,52.25
2023-02-21T09:55:53.882177,8.044,16601.785,38.25
2023-02-21T09:55:54.892730,5.569,16547.785,45.5
2023-02-21T09:55:55.903045,11.256,16614.027,48.75
2023-02-21T09:55:56.913615,11.812,16518.992,64.25
2023-02-21T09:55:57.924449,11.25,16506.391,43.75
2023-02-21T09:55:58.935316,10.944,16782.336,63.5
2023-02-21T09:55:59.945413,11.631,16590.18,49.75
2023-02-21T09:56:00.955521,11.262,16751.945,65.25
2023-02-21T09:56:01.965742,11.631,16566.613,50.25
2023-02-21T09:56:02.975960,12.25,16447.867,62.5
2023-02-21T09:56:03.985883,11.325,16667.922,62.5
2023-02-21T09:56:04.996028,11.569,16716.031,52.0
2023-02-21T09:56:06.005885,11.512,16512.559,43.0
2023-02-21T09:56:07.016174,11.819,16530.113,52.5
2023-02-21T09:56:08.025940,7.181,16470.027,40.5
2023-02-21T09:56:09.036129,6.431,16445.914,57.75
2023-02-21T09:56:10.045886,10.894,16506.168,62.0
2023-02-21T09:56:11.055998,11.387,16620.352,54.25
2023-02-21T09:56:12.065892,11.575,16529.918,41.0
2023-02-21T09:56:13.076371,12.125,16384.848,43.75
2023-02-21T09:56:14.085900,12.137,16427.898,52.75
2023-02-21T09:56:15.096506,11.5,16493.953,47.0
2023-02-21T09:56:16.106902,11.2,16535.508,61.0
2023-02-21T09:56:17.117110,11.381,16625.562,59.25
2023-02-21T09:56:18.127416,11.631,16368.051,42.25
2023-02-21T09:56:19.137899,12.062,16404.418,41.75
2023-02-21T09:56:20.148340,11.812,16703.82,45.25
2023-02-21T09:56:21.158687,11.694,16494.008,52.0
2023-02-21T09:56:22.168753,6.438,16577.855,40.5
2023-02-21T09:56:23.178918,6.494,16734.0,46.5
2023-02-21T09:56:24.189681,11.319,16547.875,48.5
2023-02-21T09:56:25.199838,10.825,16590.152,50.0
2023-02-21T09:56:26.209907,10.706,16572.484,63.25
2023-02-21T09:56:27.220334,11.319,16530.184,64.0
2023-02-21T09:56:28.230773,11.812,16561.625,64.5
2023-02-21T09:56:29.241465,10.762,16542.203,41.5
2023-02-21T09:56:30.251984,11.938,16726.309,50.75
2023-02-21T09:56:31.262552,11.688,16679.938,44.0
2023-02-21T09:56:32.272869,11.938,16391.758,49.0
2023-02-21T09:56:33.282929,12.125,16452.0,53.0
2023-02-21T09:56:34.293231,11.819,16787.43,48.0
2023-02-21T09:56:35.303404,11.262,16548.238,47.5
2023-02-21T09:56:36.313524,4.888,16548.238,47.25
2023-02-21T09:56:37.323653,7.981,16404.07,44.75
2023-02-21T09:56:38.333731,11.694,16511.922,44.75
2023-02-21T09:56:39.344082,11.381,16433.762,42.0
2023-02-21T09:56:40.353884,11.262,16812.082,61.25
2023-02-21T09:56:41.364119,11.381,16626.504,52.0
2023-02-21T09:56:42.373884,11.637,16464.301,46.0
2023-02-21T09:56:43.384383,11.75,16728.219,56.5
2023-02-21T09:56:44.393884,11.144,16788.113,46.75
2023-02-21T09:56:45.403936,11.631,16530.09,49.25
2023-02-21T09:56:46.413883,11.45,16740.242,46.0
2023-02-21T09:56:47.423961,11.756,16752.074,46.5
2023-02-21T09:56:48.433884,11.694,16625.598,61.75
2023-02-21T09:56:49.444129,10.081,16655.359,40.25
2023-02-21T09:56:50.454359,5.075,16655.359,40.75
2023-02-21T09:56:51.464432,9.713,16679.719,44.5
2023-02-21T09:56:52.475421,11.312,16722.094,63.25
2023-02-21T09:56:53.485493,11.387,16901.984,55.25
2023-02-21T09:56:54.495622,11.506,16716.211,49.75
2023-02-21T09:56:55.504902,10.963,16854.227,47.0
2023-02-21T09:56:56.515372,11.569,16548.234,51.5
2023-02-21T09:56:57.525468,12.006,16573.461,64.5
2023-02-21T09:56:58.535564,11.756,16572.117,61.5
2023-02-21T09:56:59.545881,11.506,16495.672,66.25
2023-02-21T09:57:00.556467,11.075,16458.086,65.25
2023-02-21T09:57:01.565896,11.95,16499.855,42.75
2023-02-21T09:57:02.576487,11.562,16739.434,46.0
2023-02-21T09:57:03.587464,8.037,16517.719,39.75
2023-02-21T09:57:04.597706,5.444,16517.711,38.75
2023-02-21T09:57:05.607803,11.444,16877.656,61.5
2023-02-21T09:57:06.617896,11.569,16764.109,44.0
2023-02-21T09:57:07.628200,11.444,16830.32,58.5
2023-02-21T09:57:08.637884,11.7,16506.246,43.5
2023-02-21T09:57:09.648235,11.875,16572.207,44.0
2023-02-21T09:57:10.657889,11.825,16458.371,63.5
2023-02-21T09:57:11.668776,11.5,16614.574,45.75
2023-02-21T09:57:12.677886,12.2,16553.66,48.75
2023-02-21T09:57:13.687921,11.512,16512.777,62.5
2023-02-21T09:57:14.697885,11.387,16428.422,56.0
2023-02-21T09:57:15.707903,11.569,16746.34,62.0
2023-02-21T09:57:16.717901,12.006,16530.16,53.25
2023-02-21T09:57:17.728357,7.544,16614.516,38.5
2023-02-21T09:57:18.738582,5.694,16614.508,61.25
2023-02-21T09:57:19.749553,11.125,16530.293,45.25
2023-02-21T09:57:20.759840,11.381,16565.855,64.5
2023-02-21T09:57:21.769888,10.644,16602.359,52.75
2023-02-21T09:57:22.780164,11.256,16480.18,51.75
2023-02-21T09:57:23.789885,11.512,16500.441,60.25
2023-02-21T09:57:24.800167,11.137,16536.406,54.0
2023-02-21T09:57:25.810176,11.137,16776.441,61.0
2023-02-21T09:57:26.820433,11.444,16752.27,56.5
2023-02-21T09:57:27.829895,11.575,16380.355,48.0
2023-02-21T09:57:28.839967,11.262,16386.277,43.75
2023-02-21T09:57:29.849887,11.2,16590.039,46.75
2023-02-21T09:57:30.859472,11.95,16434.258,60.0
2023-02-21T09:57:31.869714,6.619,16470.004,39.0
2023-02-21T09:57:32.880173,6.987,16565.836,62.75
2023-02-21T09:57:33.890331,11.694,16662.02,42.0
2023-02-21T09:57:34.900648,11.569,16506.586,43.75
2023-02-21T09:57:35.911012,11.938,16416.477,63.5
2023-02-21T09:57:36.921825,11.688,16433.73,44.5
2023-02-21T09:57:37.932283,11.506,16589.797,64.25
2023-02-21T09:57:38.941882,11.7,16416.297,51.5
2023-02-21T09:57:39.952133,11.631,16591.863,64.5
2023-02-21T09:57:40.961899,12.006,16517.992,45.5
2023-02-21T09:57:41.972391,10.887,16511.93,46.5
2023-02-21T09:57:42.983845,11.681,16476.418,46.25
2023-02-21T09:57:43.993894,12.375,16469.766,43.75
2023-02-21T09:57:45.004151,11.881,16535.406,51.5
2023-02-21T09:57:46.013894,5.819,16541.594,40.0
2023-02-21T09:57:47.023881,7.675,16403.242,43.5
2023-02-21T09:57:48.033883,11.2,16608.031,54.0
2023-02-21T09:57:49.043931,11.325,16913.91,47.25
2023-02-21T09:57:50.053888,11.631,16727.793,47.75
2023-02-21T09:57:51.063893,11.881,16536.129,52.0
2023-02-21T09:57:52.073959,11.944,16552.457,49.5
2023-02-21T09:57:53.084451,11.194,16619.07,49.25
2023-02-21T09:57:54.093891,11.581,16506.102,45.5
2023-02-21T09:57:55.104483,11.875,16481.918,53.75
2023-02-21T09:57:56.115117,11.069,16426.582,65.75
2023-02-21T09:57:57.125445,11.444,16506.34,63.25
2023-02-21T09:57:58.135590,11.506,16518.59,47.0
2023-02-21T09:57:59.145883,9.775,16589.977,40.0
2023-02-21T09:58:00.156208,5.756,16589.977,41.5
2023-02-21T09:58:01.166404,9.344,16908.09,46.0
2023-02-21T09:58:02.176484,11.2,16518.023,46.25
2023-02-21T09:58:03.185879,11.394,16944.195,66.0
2023-02-21T09:58:04.195963,11.506,16554.234,56.25
2023-02-21T09:58:05.205885,11.075,16578.039,59.5
2023-02-21T09:58:06.216008,11.262,16745.477,45.75
2023-02-21T09:58:07.225884,11.325,16901.926,46.5
2023-02-21T09:58:08.236167,11.631,16524.207,47.0
2023-02-21T09:58:09.245897,11.575,16571.961,48.5
2023-02-21T09:58:10.256594,11.875,16560.012,61.25
2023-02-21T09:58:11.265894,10.525,16374.75,54.75
2023-02-21T09:58:12.276342,11.506,16603.863,65.0
2023-02-21T09:58:13.285882,8.419,16446.215,40.75
2023-02-21T09:58:14.295928,5.881,16446.211,38.5
2023-02-21T09:58:15.305863,11.075,16475.625,62.5
2023-02-21T09:58:16.316160,11.256,16901.723,55.5
2023-02-21T09:58:17.325879,11.45,16919.891,63.75
2023-02-21T09:58:18.336034,10.769,16992.344,50.25
2023-02-21T09:58:19.345885,11.387,16775.941,52.25
2023-02-21T09:58:20.356184,11.569,17052.023,63.25
2023-02-21T09:58:21.365896,12.006,16728.062,44.0
2023-02-21T09:58:22.376446,11.256,16834.629,65.0
2023-02-21T09:58:23.385891,11.637,16896.062,45.75
2023-02-21T09:58:24.396257,11.631,16747.641,46.75
2023-02-21T09:58:25.407020,11.562,16740.094,46.75
2023-02-21T09:58:26.417283,11.506,17021.934,42.0
2023-02-21T09:58:27.427887,6.987,16878.129,44.75
2023-02-21T09:58:28.438061,6.806,16710.195,42.0
2023-02-21T09:58:29.448616,10.819,16902.258,60.75
2023-02-21T09:58:30.459114,11.381,16920.043,57.0
2023-02-21T09:58:31.469218,11.694,17013.41,48.5
2023-02-21T09:58:32.479425,11.262,16727.828,57.5
2023-02-21T09:58:33.489880,11.569,16979.551,62.25
2023-02-21T09:58:34.499994,10.519,16889.773,55.5
2023-02-21T09:58:35.509883,11.45,16769.941,55.0
2023-02-21T09:58:36.519964,11.262,16889.531,44.25
2023-02-21T09:58:37.529893,11.512,17081.211,44.25
2023-02-21T09:58:38.540297,11.444,17033.418,68.0
2023-02-21T09:58:39.549884,11.512,16895.699,44.25
2023-02-21T09:58:40.559856,11.137,16805.824,41.75
2023-02-21T09:58:41.570188,5.812,16805.824,39.0
2023-02-21T09:58:42.580519,8.35,16674.125,42.75
2023-02-21T09:58:43.590906,11.506,16650.41,44.5
2023-02-21T09:58:44.601250,10.887,16680.473,53.25
2023-02-21T09:58:45.611363,11.631,16572.375,68.25
2023-02-21T09:58:46.621884,11.506,16470.508,56.25
2023-02-21T09:58:47.631964,11.694,16595.676,49.0
2023-02-21T09:58:48.641899,11.694,16650.355,44.0
2023-02-21T09:58:49.652633,11.006,16518.07,45.5
2023-02-21T09:58:50.663100,11.381,16426.25,49.5
2023-02-21T09:58:51.673278,11.569,16650.281,63.5
2023-02-21T09:58:52.683497,11.075,16572.453,43.25
2023-02-21T09:58:53.693754,11.137,16452.23,43.75
2023-02-21T09:58:54.704288,9.219,16512.246,40.0
2023-02-21T09:58:55.714291,5.319,16512.246,38.25
2023-02-21T09:58:56.724727,10.269,16650.152,43.5
2023-02-21T09:58:57.735278,11.319,16614.379,48.5
2023-02-21T09:58:58.745347,11.506,16714.219,46.0
2023-02-21T09:58:59.755936,11.875,16578.156,57.75
2023-02-21T09:59:00.765906,11.631,16840.277,66.0
2023-02-21T09:59:01.776258,11.381,16614.109,60.5
2023-02-21T09:59:02.786313,11.881,16745.379,49.5
2023-02-21T09:59:03.796480,11.137,16721.926,66.0
2023-02-21T09:59:04.805915,11.206,16548.105,46.75
2023-02-21T09:59:05.816217,11.569,16541.758,61.25
2023-02-21T09:59:06.825887,11.144,16566.211,60.0
2023-02-21T09:59:07.836098,11.631,16662.258,51.5
2023-02-21T09:59:08.845880,7.612,16632.27,41.75
2023-02-21T09:59:09.855814,5.325,16662.684,52.0
2023-02-21T09:59:10.866234,11.569,16686.223,60.25
2023-02-21T09:59:11.876486,11.506,16595.871,45.25
2023-02-21T09:59:12.887402,11.744,16613.902,47.5
2023-02-21T09:59:13.897836,11.631,16487.98,45.5
2023-02-21T09:59:14.907454,11.144,16536.223,63.25
2023-02-21T09:59:15.917884,11.194,16493.863,52.5
2023-02-21T09:59:16.927874,11.819,16613.598,49.0
2023-02-21T09:59:17.937879,11.45,16667.594,55.5
2023-02-21T09:59:18.947944,12.006,16693.371,57.25
2023-02-21T09:59:19.957891,11.325,16619.605,50.5
2023-02-21T09:59:20.967978,11.881,16607.863,48.5
2023-02-21T09:59:21.977904,11.262,16572.41,50.5
2023-02-21T09:59:22.987046,7.244,16596.387,39.5
2023-02-21T09:59:23.997558,6.619,16770.133,46.5
2023-02-21T09:59:25.007805,11.319,16789.887,50.5
2023-02-21T09:59:26.017960,10.825,16632.43,44.75
2023-02-21T09:59:27.028768,11.875,16446.297,42.25
2023-02-21T09:59:28.039152,11.319,16782.258,63.75
2023-02-21T09:59:29.049379,11.756,16579.469,65.0
2023-02-21T09:59:30.059488,11.506,16626.398,46.5
2023-02-21T09:59:31.069617,12.006,16482.266,50.5
2023-02-21T09:59:32.080322,11.688,16512.34,46.25
2023-02-21T09:59:33.089887,11.019,16866.277,50.5
2023-02-21T09:59:34.099954,11.506,16694.59,45.25
2023-02-21T09:59:35.109890,11.262,16775.754,53.0
2023-02-21T09:59:36.119978,11.387,16638.184,45.25
2023-02-21T09:59:37.129894,5.569,16638.184,42.0
2023-02-21T09:59:38.140305,7.919,16464.008,56.75
2023-02-21T09:59:39.149887,11.081,16529.988,50.5
2023-02-21T09:59:40.160034,11.262,16727.594,43.0
2023-02-21T09:59:41.169881,12.006,16727.863,61.25
2023-02-21T09:59:42.179961,11.819,16598.551,65.75
2023-02-21T09:59:43.189880,11.2,16974.102,55.25
2023-02-21T09:59:44.199918,11.45,16512.02,42.5
2023-02-21T09:59:45.209884,11.694,16481.832,46.75
2023-02-21T09:59:46.220096,11.444,16650.289,61.25
2023-02-21T09:59:47.229891,11.387,16662.215,50.25
2023-02-21T09:59:48.240279,11.137,16596.285,49.25
2023-02-21T09:59:49.249903,11.45,16589.926,45.25
2023-02-21T09:59:50.260356,11.012,16572.109,41.75
2023-02-21T09:59:51.269874,5.575,16572.109,40.0
2023-02-21T09:59:52.279946,7.981,16650.195,55.0
2023-02-21T09:59:53.289885,11.2,16596.457,50.25
2023-02-21T09:59:54.300188,11.075,16530.191,66.25
2023-02-21T09:59:55.309883,11.081,16703.965,54.25
2023-02-21T09:59:56.320006,11.506,16494.211,61.25
2023-02-21T09:59:57.329887,11.575,16673.902,42.25
2023-02-21T09:59:58.340230,11.319,16656.004,43.0
2023-02-21T09:59:59.349906,11.637,16710.727,62.5
2023-02-21T10:00:00.360895,11.312,16452.133,44.75
2023-02-21T10:00:01.371780,11.869,16529.723,54.25
2023-02-21T10:00:02.381896,11.881,16643.531,46.5
2023-02-21T10:00:03.391958,12.069,16433.805,42.5
2023-02-21T10:00:04.402823,9.956,16698.281,40.5
2023-02-21T10:00:05.412977,5.138,16698.281,38.25
2023-02-21T10:00:06.423088,9.65,16728.379,43.5
2023-02-21T10:00:07.433896,11.625,16569.98,42.5
2023-02-21T10:00:08.444392,11.506,16482.09,44.25
2023-02-21T10:00:09.454904,11.625,16650.199,44.25
2023-02-21T10:00:10.465286,11.381,16695.41,48.5
2023-02-21T10:00:11.476438,12.056,16403.961,42.0
2023-02-21T10:00:12.485890,12.2,16671.836,50.0
2023-02-21T10:00:13.495182,11.769,16686.277,42.75
2023-02-21T10:00:14.505300,11.756,16614.426,44.5
2023-02-21T10:00:15.515690,11.506,16617.191,63.5
2023-02-21T10:00:16.525797,11.694,16818.141,53.75
2023-02-21T10:00:17.536012,11.569,16517.281,64.25
2023-02-21T10:00:18.545879,9.1,16655.848,39.25
2023-02-21T10:00:19.556325,5.75,16655.848,39.25
2023-02-21T10:00:20.565890,10.525,16879.656,47.25
2023-02-21T10:00:21.576508,11.938,16572.09,45.75
2023-02-21T10:00:22.585935,11.269,16595.824,60.5
2023-02-21T10:00:23.596290,10.637,16560.062,51.5
2023-02-21T10:00:24.605887,11.45,16721.855,53.75
2023-02-21T10:00:25.616109,12.125,16504.227,43.25
2023-02-21T10:00:26.625885,11.944,16488.297,43.5
2023-02-21T10:00:27.636225,11.444,16890.02,48.5
2023-02-21T10:00:28.645891,11.269,16603.02,68.75
2023-02-21T10:00:29.656028,11.819,16770.008,44.25
2023-02-21T10:00:30.665891,11.387,16578.027,48.0
2023-02-21T10:00:31.676127,11.381,16656.242,67.25
2023-02-21T10:00:32.686225,7.737,16740.027,39.75
2023-02-21T10:00:33.696775,6.0,16740.262,42.5
2023-02-21T10:00:34.707191,11.631,16506.066,44.0
2023-02-21T10:00:35.717303,11.569,16751.902,45.75
2023-02-21T10:00:36.727313,12.006,16632.105,43.25
2023-02-21T10:00:37.737640,11.444,16775.84,59.75
2023-02-21T10:00:38.747705,11.631,16565.785,44.5
2023-02-21T10:00:39.757905,12.0,16529.648,59.75
2023-02-21T10:00:40.768401,11.631,16547.609,54.5
2023-02-21T10:00:41.777898,11.394,16620.477,43.0
2023-02-21T10:00:42.788439,11.444,16569.891,65.25
2023-02-21T10:00:43.797901,10.9,16638.582,46.5
2023-02-21T10:00:44.808036,11.325,16440.18,41.75
2023-02-21T10:00:45.817966,11.819,16542.598,44.5
2023-02-21T10:00:46.828332,7.425,16572.586,43.75
2023-02-21T10:00:47.837890,5.881,16620.387,43.25
2023-02-21T10:00:48.848249,11.756,16452.566,46.75
2023-02-21T10:00:49.857885,11.762,16530.637,46.25
2023-02-21T10:00:50.868425,11.875,16632.512,57.5
2023-02-21T10:00:51.879134,11.319,16542.469,44.5
2023-02-21T10:00:52.889390,11.569,16428.246,49.5
2023-02-21T10:00:53.899996,11.194,16794.316,64.5
2023-02-21T10:00:54.910178,11.381,16638.352,60.5
2023-02-21T10:00:55.920117,11.45,16818.469,57.75
2023-02-21T10:00:56.929891,11.45,16601.137,47.5
2023-02-21T10:00:57.939945,11.325,16668.211,43.25
2023-02-21T10:00:58.949895,11.756,16542.062,44.75
2023-02-21T10:00:59.960176,11.319,16622.328,64.0
2023-02-21T10:01:00.969885,5.756,16674.664,45.75
2023-02-21T10:01:01.980239,7.544,16674.152,44.75
2023-02-21T10:01:02.989881,11.081,16644.547,63.5
2023-02-21T10:01:03.999999,11.694,16701.023,53.5
2023-02-21T10:01:05.009906,11.756,16464.684,61.25
2023-02-21T10:01:06.020427,11.812,16651.762,48.25
2023-02-21T10:01:07.031327,11.006,16656.52,42.75
2023-02-21T10:01:08.041888,11.506,16560.348,60.0
2023-02-21T10:01:09.052687,11.931,16536.586,46.5
2023-02-21T10:01:10.062789,12.006,16506.75,62.0
2023-02-21T10:01:11.073026,11.694,16590.188,42.0
2023-02-21T10:01:12.082681,11.144,16428.562,43.5
2023-02-21T10:01:13.092917,11.137,16707.34,64.25
2023-02-21T10:01:14.103000,10.331,16662.699,40.75
2023-02-21T10:01:15.113752,5.381,16662.699,40.0
2023-02-21T10:01:16.123959,9.281,16536.516,45.0
2023-02-21T10:01:17.133902,11.762,16637.965,47.75
2023-02-21T10:01:18.143933,11.45,16806.523,60.25
2023-02-21T10:01:19.154083,11.262,16921.496,65.25
2023-02-21T10:01:20.164362,11.137,16854.68,45.0
2023-02-21T10:01:21.175086,12.0,16896.047,65.0
2023-02-21T10:01:22.185525,11.875,16812.176,53.0
2023-02-21T10:01:23.195673,11.881,16788.086,61.5
2023-02-21T10:01:24.205867,11.569,16740.312,44.5
2023-02-21T10:01:25.216424,11.506,16763.82,62.25
2023-02-21T10:01:26.225890,11.762,16686.152,49.0
2023-02-21T10:01:27.236014,11.506,16638.066,59.0
2023-02-21T10:01:28.245881,9.406,16883.734,44.75
2023-02-21T10:01:29.255847,5.819,16883.734,39.75
2023-02-21T10:01:30.265964,10.269,16638.504,52.75
2023-02-21T10:01:31.277064,11.562,16560.188,52.75
2023-02-21T10:01:32.287101,11.012,16494.844,42.25
2023-02-21T10:01:33.297212,10.825,16620.594,47.25
2023-02-21T10:01:34.307226,11.631,16698.004,44.25
2023-02-21T10:01:35.317100,12.069,16610.301,63.75
2023-02-21T10:01:36.327227,11.506,16728.328,48.25
2023-02-21T10:01:37.337606,11.444,16524.266,62.75
2023-02-21T10:01:38.348200,11.319,16710.262,49.0
2023-02-21T10:01:39.358354,11.819,16518.363,43.0
2023-02-21T10:01:40.368987,11.875,16716.57,66.5
2023-02-21T10:01:41.379177,11.756,16724.75,49.75
2023-02-21T10:01:42.389298,8.412,16746.488,39.5
2023-02-21T10:01:43.400857,5.744,16746.484,37.75
2023-02-21T10:01:44.411167,10.887,16788.141,57.5
2023-02-21T10:01:45.421396,11.075,16602.266,63.25
2023-02-21T10:01:46.431541,11.137,16482.691,41.75
2023-02-21T10:01:47.441930,11.631,16488.477,55.5
2023-02-21T10:01:48.451959,11.569,16494.926,43.5
2023-02-21T10:01:49.461895,12.069,16620.309,58.25
2023-02-21T10:01:50.472306,11.875,16476.207,44.5
2023-02-21T10:01:51.481902,11.269,16668.285,54.25
2023-02-21T10:01:52.492584,11.688,16722.359,48.0
2023-02-21T10:01:53.503178,11.562,16794.492,58.5
2023-02-21T10:01:54.513370,11.694,16638.402,52.5
2023-02-21T10:01:55.523746,11.938,16584.117,44.75
2023-02-21T10:01:56.533898,7.675,16668.309,39.0
2023-02-21T10:01:57.544229,5.694,16608.441,41.5
2023-02-21T10:01:58.554961,11.562,16800.098,43.75
2023-02-21T10:01:59.564988,12.188,16668.082,59.75
2023-02-21T10:02:00.575212,11.381,16811.754,54.25
2023-02-21T10:02:01.585283,11.45,16847.816,65.75
2023-02-21T10:02:02.595379,11.387,16590.477,64.25
2023-02-21T10:02:03.605573,11.881,16788.547,45.0
2023-02-21T10:02:04.615875,11.694,16824.492,58.5
2023-02-21T10:02:05.625891,11.137,16554.652,46.0
2023-02-21T10:02:06.636174,10.825,16554.676,56.75
2023-02-21T10:02:07.645890,11.512,16524.742,43.5
2023-02-21T10:02:08.656116,11.881,16637.887,65.25
2023-02-21T10:02:09.665883,11.512,16614.246,43.75
2023-02-21T10:02:10.676206,6.681,16770.238,39.75
2023-02-21T10:02:11.685882,6.75,16704.52,55.5
2023-02-21T10:02:12.696515,10.756,16596.484,44.5
2023-02-21T10:02:13.707363,11.438,16842.117,43.5
2023-02-21T10:02:14.717889,11.875,16636.809,65.5
2023-02-21T10:02:15.728012,11.631,16584.414,43.25
2023-02-21T10:02:16.737919,11.512,16662.117,46.5
2023-02-21T10:02:17.748248,10.95,16634.398,44.25
2023-02-21T10:02:18.757895,11.637,16590.145,45.0
2023-02-21T10:02:19.767993,11.631,16728.352,44.0
2023-02-21T10:02:20.777887,11.262,16673.914,49.75
2023-02-21T10:02:21.788064,11.694,16788.488,45.25
2023-02-21T10:02:22.797891,11.7,16818.305,42.0
2023-02-21T10:02:23.808425,11.319,16812.609,61.0
2023-02-21T10:02:24.817879,5.694,16752.801,45.25
2023-02-21T10:02:25.827938,8.044,16716.426,55.5
2023-02-21T10:02:26.837891,11.2,16476.492,55.5
2023-02-21T10:02:27.848073,11.694,16524.301,43.5
2023-02-21T10:02:28.858122,11.756,16584.234,44.75
2023-02-21T10:02:29.868357,11.756,16548.172,46.75
2023-02-21T10:02:30.877894,11.762,16512.445,63.5
2023-02-21T10:02:31.888176,11.756,16482.578,52.75
2023-02-21T10:02:32.898532,11.069,16584.988,44.75
2023-02-21T10:02:33.909140,11.506,16530.164,46.25
2023-02-21T10:02:34.919728,11.256,16776.121,47.0
2023-02-21T10:02:35.929889,11.944,16446.605,53.0
2023-02-21T10:02:36.940167,11.631,16554.051,43.0
2023-02-21T10:02:37.951179,11.438,16451.883,40.75
2023-02-21T10:02:38.961444,5.756,16451.883,39.25
2023-02-21T10:02:39.971794,8.6,16547.711,61.25
2023-02-21T10:02:40.981886,11.262,16506.043,43.0
2023-02-21T10:02:41.992511,12.0,16674.277,48.0
2023-02-21T10:02:43.001881,11.762,16542.301,47.75
2023-02-21T10:02:44.012202,11.137,16680.086,53.5
2023-02-21T10:02:45.021886,11.387,16829.965,50.5
2023-02-21T10:02:46.032234,11.631,16722.402,49.25
2023-02-21T10:02:47.041889,11.387,16578.961,61.0
2023-02-21T10:02:48.051944,11.262,16620.289,50.75
2023-02-21T10:02:49.061885,11.325,16673.707,60.5
2023-02-21T10:02:50.072084,11.325,16770.453,69.75
2023-02-21T10:02:51.081893,11.262,16782.172,53.75
2023-02-21T10:02:52.091926,9.531,16751.59,42.75
2023-02-21T10:02:53.101876,5.506,16751.59,41.0
2023-02-21T10:02:54.111999,10.269,16595.934,66.0
2023-02-21T10:02:55.122073,11.631,16470.0,60.25
2023-02-21T10:02:56.132035,10.519,16499.719,45.75
2023-02-21T10:02:57.141877,11.262,16661.832,65.0
2023-02-21T10:02:58.151919,11.506,16660.242,61.25
2023-02-21T10:02:59.161886,11.881,16569.41,56.0
2023-02-21T10:03:00.172017,11.756,16584.434,44.0
2023-02-21T10:03:01.181894,11.881,16440.207,51.75
2023-02-21T10:03:02.192537,11.75,16853.852,60.25
2023-02-21T10:03:03.202615,11.387,16614.02,44.0
2023-02-21T10:03:04.213521,11.5,16794.102,59.25
2023-02-21T10:03:05.223866,11.012,16703.664,56.5
2023-02-21T10:03:06.233884,7.675,16859.891,39.0
2023-02-21T10:03:07.244095,5.506,16805.809,44.25
2023-02-21T10:03:08.253885,11.325,16740.195,63.0
2023-02-21T10:03:09.264062,11.631,16710.438,45.75
2023-02-21T10:03:10.273885,11.575,16710.238,70.0
2023-02-21T10:03:11.283926,11.325,16878.258,62.5
2023-02-21T10:03:12.293946,11.694,16830.051,46.5
2023-02-21T10:03:13.304237,11.819,16614.234,54.0
2023-02-21T10:03:14.313907,11.387,16739.824,42.25
2023-02-21T10:03:15.324159,11.506,16649.848,52.5
2023-02-21T10:03:16.333887,11.081,16829.996,47.0
2023-02-21T10:03:17.344431,11.194,16674.484,64.0
2023-02-21T10:03:18.353884,11.575,16584.152,61.5
2023-02-21T10:03:19.364177,11.319,16703.711,57.5
2023-02-21T10:03:20.373888,6.25,16703.711,38.75
2023-02-21T10:03:21.384063,6.681,16793.488,60.75
2023-02-21T10:03:22.394370,11.569,16771.492,63.75
2023-02-21T10:03:23.405108,11.812,16688.258,51.5
2023-02-21T10:03:24.415392,10.7,16692.273,65.0
2023-02-21T10:03:25.425607,11.569,16470.242,44.75
2023-02-21T10:03:26.435850,10.887,16661.973,45.0
2023-02-21T10:03:27.445887,11.387,16608.336,51.5
2023-02-21T10:03:28.456031,11.444,16560.504,61.25
2023-02-21T10:03:29.465884,11.387,16632.004,63.75
2023-02-21T10:03:30.475940,11.262,16721.965,41.75
2023-02-21T10:03:31.485894,11.575,16577.754,50.75
2023-02-21T10:03:32.496069,11.694,16697.926,62.5
2023-02-21T10:03:33.506035,10.644,16877.879,41.75
2023-02-21T10:03:34.516596,5.444,16877.879,41.75
2023-02-21T10:03:35.526744,8.787,16649.938,58.5
2023-02-21T10:03:36.537141,11.875,16800.074,50.25
2023-02-21T10:03:37.547252,11.012,16548.047,44.25
2023-02-21T10:03:38.557887,12.0,16643.844,43.75
2023-02-21T10:03:39.568121,11.262,16709.75,47.75
2023-02-21T10:03:40.577932,11.262,16560.301,65.5
2023-02-21T10:03:41.587056,10.594,16745.602,61.25
2023-02-21T10:03:42.597293,11.819,16757.469,46.75
2023-02-21T10:03:43.608213,11.25,16655.73,52.75
2023-02-21T10:03:44.617885,11.144,16613.988,69.25
2023-02-21T10:03:45.627998,11.819,16560.137,41.75
2023-02-21T10:03:46.637899,11.387,16686.031,49.25
2023-02-21T10:03:47.648035,8.6,16644.078,40.0
2023-02-21T10:03:48.657870,5.881,16644.078,40.0
2023-02-21T10:03:49.667747,10.456,16656.035,43.5
2023-02-21T10:03:50.677892,11.444,16692.039,47.75
2023-02-21T10:03:51.687940,11.137,16757.934,47.5
2023-02-21T10:03:52.697882,11.944,16667.992,53.0
2023-02-21T10:03:53.708099,11.381,16763.641,43.75
2023-02-21T10:03:54.719340,11.431,16488.508,40.75
2023-02-21T10:03:55.728903,11.45,16740.234,46.5
2023-02-21T10:03:56.739145,11.325,16613.895,51.5
2023-02-21T10:03:57.749592,11.319,16596.336,46.25
2023-02-21T10:03:58.759739,10.887,16524.742,45.5
2023-02-21T10:03:59.769918,11.45,16614.492,43.0
2023-02-21T10:04:00.780471,11.562,16884.262,59.75
2023-02-21T10:04:01.790805,7.175,16734.227,39.25
2023-02-21T10:04:02.800956,6.494,16532.629,46.75
2023-02-21T10:04:03.811155,10.95,16602.129,47.0
2023-02-21T10:04:04.821337,11.444,16607.867,43.0
2023-02-21T10:04:05.831507,11.137,16607.812,51.0
2023-02-21T10:04:06.841681,11.444,16740.004,57.75
2023-02-21T10:04:07.851702,11.387,16727.887,43.75
2023-02-21T10:04:08.861927,11.881,16871.668,63.25
2023-02-21T10:04:09.871963,11.506,16739.727,52.25
2023-02-21T10:04:10.881882,11.694,16524.375,46.0
2023-02-21T10:04:11.892139,11.694,16620.191,42.0
2023-02-21T10:04:12.901894,11.387,16643.918,42.25
2023-02-21T10:04:13.912289,11.137,16716.391,60.0
2023-02-21T10:04:14.921889,11.762,16614.293,57.0
2023-02-21T10:04:15.932082,5.444,16668.484,40.75
2023-02-21T10:04:16.941894,7.8,16560.148,43.25
2023-02-21T10:04:17.951255,11.019,16488.645,58.25
2023-02-21T10:04:18.961488,11.506,16620.297,47.25
2023-02-21T10:04:19.971964,11.506,16494.285,42.0
2023-02-21T10:04:20.981881,11.881,16560.336,45.0
2023-02-21T10:04:21.992034,11.325,16782.109,64.25
2023-02-21T10:04:23.001898,11.325,16644.152,46.5
2023-02-21T10:04:24.012236,11.812,16862.098,56.5
2023-02-21T10:04:25.021888,11.387,16944.176,54.0
2023-02-21T10:04:26.032115,11.444,16536.395,44.5
2023-02-21T10:04:27.041900,11.019,16926.195,47.0
2023-02-21T10:04:28.052046,11.444,16857.348,49.0
2023-02-21T10:04:29.061887,11.325,16554.16,41.5
2023-02-21T10:04:30.071360,5.881,16554.16,39.0
