timestamp,gpu_name,gpu_usage,gpu_memory_usage,gpu_total_memory,gpu_memory_used,gpu_power_draw,gpu_max_power,gpu_temperature
2023-01-21 12:39:29.964,NVIDIA GeForce RTX 3070,0 %,2 %,8192 MiB,7131 MiB,21.09 W,240.00 W,35
2023-01-21 12:39:30.967,NVIDIA GeForce RTX 3070,0 %,2 %,8192 MiB,7131 MiB,21.29 W,240.00 W,36
2023-01-21 12:39:31.969,NVIDIA GeForce RTX 3070,0 %,3 %,8192 MiB,7131 MiB,21.80 W,240.00 W,36
2023-01-21 12:39:32.971,NVIDIA GeForce RTX 3070,0 %,2 %,8192 MiB,7131 MiB,21.33 W,240.00 W,35
2023-01-21 12:39:33.973,NVIDIA GeForce RTX 3070,0 %,0 %,8192 MiB,7131 MiB,46.21 W,240.00 W,37
2023-01-21 12:39:34.974,NVIDIA GeForce RTX 3070,0 %,0 %,8192 MiB,7131 MiB,53.73 W,240.00 W,37
2023-01-21 12:39:35.975,NVIDIA GeForce RTX 3070,0 %,0 %,8192 MiB,7131 MiB,53.76 W,240.00 W,37
2023-01-21 12:39:36.976,NVIDIA GeForce RTX 3070,0 %,0 %,8192 MiB,7131 MiB,53.72 W,240.00 W,38
2023-01-21 12:39:37.977,NVIDIA GeForce RTX 3070,0 %,0 %,8192 MiB,7131 MiB,53.72 W,240.00 W,38
2023-01-21 12:39:38.978,NVIDIA GeForce RTX 3070,0 %,0 %,8192 MiB,7131 MiB,53.79 W,240.00 W,38
2023-01-21 12:39:39.980,NVIDIA GeForce RTX 3070,0 %,0 %,8192 MiB,7131 MiB,53.82 W,240.00 W,38
2023-01-21 12:39:40.981,NVIDIA GeForce RTX 3070,1 %,0 %,8192 MiB,7131 MiB,53.99 W,240.00 W,38
2023-01-21 12:39:41.981,NVIDIA GeForce RTX 3070,40 %,26 %,8192 MiB,7131 MiB,85.34 W,240.00 W,42
2023-01-21 12:39:42.982,NVIDIA GeForce RTX 3070,42 %,26 %,8192 MiB,7131 MiB,103.96 W,240.00 W,42
2023-01-21 12:39:43.984,NVIDIA GeForce RTX 3070,46 %,29 %,8192 MiB,7131 MiB,103.51 W,240.00 W,43
2023-01-21 12:39:44.985,NVIDIA GeForce RTX 3070,41 %,25 %,8192 MiB,7131 MiB,102.47 W,240.00 W,43
2023-01-21 12:39:45.986,NVIDIA GeForce RTX 3070,40 %,25 %,8192 MiB,7131 MiB,104.44 W,240.00 W,43
2023-01-21 12:39:46.987,NVIDIA GeForce RTX 3070,41 %,25 %,8192 MiB,7131 MiB,102.55 W,240.00 W,43
2023-01-21 12:39:47.988,NVIDIA GeForce RTX 3070,41 %,25 %,8192 MiB,7131 MiB,102.70 W,240.00 W,44
2023-01-21 12:39:48.989,NVIDIA GeForce RTX 3070,0 %,0 %,8192 MiB,7131 MiB,90.26 W,240.00 W,44
2023-01-21 12:39:49.990,NVIDIA GeForce RTX 3070,67 %,48 %,8192 MiB,7131 MiB,130.86 W,240.00 W,47
2023-01-21 12:39:50.992,NVIDIA GeForce RTX 3070,21 %,13 %,8192 MiB,7131 MiB,115.80 W,240.00 W,45
2023-01-21 12:39:51.993,NVIDIA GeForce RTX 3070,42 %,26 %,8192 MiB,7131 MiB,103.98 W,240.00 W,45
2023-01-21 12:39:52.994,NVIDIA GeForce RTX 3070,42 %,26 %,8192 MiB,7131 MiB,103.87 W,240.00 W,45
2023-01-21 12:39:53.996,NVIDIA GeForce RTX 3070,43 %,27 %,8192 MiB,7131 MiB,104.74 W,240.00 W,46
2023-01-21 12:39:54.997,NVIDIA GeForce RTX 3070,43 %,27 %,8192 MiB,7131 MiB,104.19 W,240.00 W,45
2023-01-21 12:39:55.998,NVIDIA GeForce RTX 3070,42 %,26 %,8192 MiB,7131 MiB,103.03 W,240.00 W,46
2023-01-21 12:39:56.999,NVIDIA GeForce RTX 3070,42 %,27 %,8192 MiB,7131 MiB,105.54 W,240.00 W,46
2023-01-21 12:39:58.000,NVIDIA GeForce RTX 3070,42 %,26 %,8192 MiB,7131 MiB,104.68 W,240.00 W,46
2023-01-21 12:39:59.001,NVIDIA GeForce RTX 3070,70 %,49 %,8192 MiB,7131 MiB,127.54 W,240.00 W,49
2023-01-21 12:40:00.002,NVIDIA GeForce RTX 3070,43 %,30 %,8192 MiB,7131 MiB,126.65 W,240.00 W,47
2023-01-21 12:40:01.004,NVIDIA GeForce RTX 3070,40 %,25 %,8192 MiB,7131 MiB,104.41 W,240.00 W,47
2023-01-21 12:40:02.005,NVIDIA GeForce RTX 3070,41 %,26 %,8192 MiB,7131 MiB,105.66 W,240.00 W,47
2023-01-21 12:40:03.006,NVIDIA GeForce RTX 3070,44 %,28 %,8192 MiB,7131 MiB,104.97 W,240.00 W,48
2023-01-21 12:40:04.008,NVIDIA GeForce RTX 3070,43 %,27 %,8192 MiB,7131 MiB,105.39 W,240.00 W,48
2023-01-21 12:40:05.009,NVIDIA GeForce RTX 3070,43 %,26 %,8192 MiB,7131 MiB,103.31 W,240.00 W,48
2023-01-21 12:40:06.010,NVIDIA GeForce RTX 3070,43 %,28 %,8192 MiB,7131 MiB,105.24 W,240.00 W,49
2023-01-21 12:40:07.012,NVIDIA GeForce RTX 3070,41 %,25 %,8192 MiB,7131 MiB,105.49 W,240.00 W,49
2023-01-21 12:40:08.013,NVIDIA GeForce RTX 3070,66 %,47 %,8192 MiB,7131 MiB,127.34 W,240.00 W,51
2023-01-21 12:40:09.014,NVIDIA GeForce RTX 3070,63 %,45 %,8192 MiB,7131 MiB,129.18 W,240.00 W,48
2023-01-21 12:40:10.015,NVIDIA GeForce RTX 3070,42 %,27 %,8192 MiB,7131 MiB,100.01 W,240.00 W,49
2023-01-21 12:40:11.016,NVIDIA GeForce RTX 3070,43 %,27 %,8192 MiB,7131 MiB,104.74 W,240.00 W,50
2023-01-21 12:40:12.018,NVIDIA GeForce RTX 3070,45 %,28 %,8192 MiB,7131 MiB,105.42 W,240.00 W,50
2023-01-21 12:40:13.019,NVIDIA GeForce RTX 3070,44 %,28 %,8192 MiB,7131 MiB,105.48 W,240.00 W,50
2023-01-21 12:40:14.020,NVIDIA GeForce RTX 3070,40 %,26 %,8192 MiB,7131 MiB,105.23 W,240.00 W,50
2023-01-21 12:40:15.021,NVIDIA GeForce RTX 3070,42 %,26 %,8192 MiB,7131 MiB,106.39 W,240.00 W,51
2023-01-21 12:40:16.023,NVIDIA GeForce RTX 3070,41 %,25 %,8192 MiB,7131 MiB,106.21 W,240.00 W,51
2023-01-21 12:40:17.024,NVIDIA GeForce RTX 3070,69 %,49 %,8192 MiB,7131 MiB,124.73 W,240.00 W,53
2023-01-21 12:40:18.025,NVIDIA GeForce RTX 3070,59 %,42 %,8192 MiB,7131 MiB,135.48 W,240.00 W,53
2023-01-21 12:40:19.027,NVIDIA GeForce RTX 3070,44 %,27 %,8192 MiB,7131 MiB,108.77 W,240.00 W,52
2023-01-21 12:40:20.028,NVIDIA GeForce RTX 3070,42 %,26 %,8192 MiB,7131 MiB,106.71 W,240.00 W,52
2023-01-21 12:40:21.029,NVIDIA GeForce RTX 3070,43 %,26 %,8192 MiB,7131 MiB,107.37 W,240.00 W,51
2023-01-21 12:40:22.031,NVIDIA GeForce RTX 3070,40 %,25 %,8192 MiB,7131 MiB,106.50 W,240.00 W,52
2023-01-21 12:40:23.032,NVIDIA GeForce RTX 3070,44 %,28 %,8192 MiB,7131 MiB,107.00 W,240.00 W,52
2023-01-21 12:40:24.034,NVIDIA GeForce RTX 3070,43 %,28 %,8192 MiB,7131 MiB,109.07 W,240.00 W,51
2023-01-21 12:40:25.035,NVIDIA GeForce RTX 3070,41 %,26 %,8192 MiB,7131 MiB,107.06 W,240.00 W,51
2023-01-21 12:40:26.036,NVIDIA GeForce RTX 3070,69 %,49 %,8192 MiB,7131 MiB,123.15 W,240.00 W,54
2023-01-21 12:40:27.038,NVIDIA GeForce RTX 3070,70 %,50 %,8192 MiB,7131 MiB,140.97 W,240.00 W,53
2023-01-21 12:40:28.039,NVIDIA GeForce RTX 3070,44 %,28 %,8192 MiB,7131 MiB,106.25 W,240.00 W,52
2023-01-21 12:40:29.040,NVIDIA GeForce RTX 3070,41 %,26 %,8192 MiB,7131 MiB,106.85 W,240.00 W,52
2023-01-21 12:40:30.042,NVIDIA GeForce RTX 3070,44 %,28 %,8192 MiB,7131 MiB,106.81 W,240.00 W,51
2023-01-21 12:40:31.046,NVIDIA GeForce RTX 3070,45 %,29 %,8192 MiB,7131 MiB,106.94 W,240.00 W,51
2023-01-21 12:40:32.047,NVIDIA GeForce RTX 3070,41 %,25 %,8192 MiB,7131 MiB,106.50 W,240.00 W,51
2023-01-21 12:40:33.048,NVIDIA GeForce RTX 3070,41 %,26 %,8192 MiB,7131 MiB,106.10 W,240.00 W,51
2023-01-21 12:40:34.050,NVIDIA GeForce RTX 3070,46 %,29 %,8192 MiB,7131 MiB,107.34 W,240.00 W,51
2023-01-21 12:40:35.051,NVIDIA GeForce RTX 3070,59 %,42 %,8192 MiB,7131 MiB,121.42 W,240.00 W,53
2023-01-21 12:40:36.053,NVIDIA GeForce RTX 3070,58 %,41 %,8192 MiB,7131 MiB,129.74 W,240.00 W,53
2023-01-21 12:40:37.054,NVIDIA GeForce RTX 3070,42 %,26 %,8192 MiB,7131 MiB,108.84 W,240.00 W,51
2023-01-21 12:40:38.056,NVIDIA GeForce RTX 3070,41 %,25 %,8192 MiB,7131 MiB,106.40 W,240.00 W,51
2023-01-21 12:40:39.057,NVIDIA GeForce RTX 3070,41 %,25 %,8192 MiB,7131 MiB,104.59 W,240.00 W,51
2023-01-21 12:40:40.058,NVIDIA GeForce RTX 3070,42 %,26 %,8192 MiB,7131 MiB,105.97 W,240.00 W,51
2023-01-21 12:40:41.059,NVIDIA GeForce RTX 3070,41 %,25 %,8192 MiB,7131 MiB,107.32 W,240.00 W,51
2023-01-21 12:40:42.060,NVIDIA GeForce RTX 3070,45 %,29 %,8192 MiB,7131 MiB,106.67 W,240.00 W,51
2023-01-21 12:40:43.061,NVIDIA GeForce RTX 3070,43 %,27 %,8192 MiB,7131 MiB,107.08 W,240.00 W,51
2023-01-21 12:40:44.061,NVIDIA GeForce RTX 3070,70 %,49 %,8192 MiB,7131 MiB,114.58 W,240.00 W,53
2023-01-21 12:40:45.062,NVIDIA GeForce RTX 3070,66 %,48 %,8192 MiB,7131 MiB,136.77 W,240.00 W,53
2023-01-21 12:40:46.063,NVIDIA GeForce RTX 3070,42 %,26 %,8192 MiB,7131 MiB,117.94 W,240.00 W,51
2023-01-21 12:40:47.064,NVIDIA GeForce RTX 3070,43 %,27 %,8192 MiB,7131 MiB,106.89 W,240.00 W,51
2023-01-21 12:40:48.064,NVIDIA GeForce RTX 3070,45 %,28 %,8192 MiB,7131 MiB,106.11 W,240.00 W,51
2023-01-21 12:40:49.065,NVIDIA GeForce RTX 3070,42 %,26 %,8192 MiB,7131 MiB,107.20 W,240.00 W,51
2023-01-21 12:40:50.066,NVIDIA GeForce RTX 3070,45 %,29 %,8192 MiB,7131 MiB,107.52 W,240.00 W,51
2023-01-21 12:40:51.067,NVIDIA GeForce RTX 3070,41 %,25 %,8192 MiB,7131 MiB,107.21 W,240.00 W,51
2023-01-21 12:40:52.068,NVIDIA GeForce RTX 3070,41 %,25 %,8192 MiB,7131 MiB,105.22 W,240.00 W,51
2023-01-21 12:40:53.068,NVIDIA GeForce RTX 3070,69 %,48 %,8192 MiB,7131 MiB,112.54 W,240.00 W,52
2023-01-21 12:40:54.069,NVIDIA GeForce RTX 3070,65 %,47 %,8192 MiB,7131 MiB,135.79 W,240.00 W,53
2023-01-21 12:40:55.070,NVIDIA GeForce RTX 3070,42 %,27 %,8192 MiB,7131 MiB,119.05 W,240.00 W,51
2023-01-21 12:40:56.071,NVIDIA GeForce RTX 3070,43 %,28 %,8192 MiB,7131 MiB,107.35 W,240.00 W,51
2023-01-21 12:40:57.072,NVIDIA GeForce RTX 3070,43 %,27 %,8192 MiB,7131 MiB,107.04 W,240.00 W,51
2023-01-21 12:40:58.073,NVIDIA GeForce RTX 3070,44 %,28 %,8192 MiB,7131 MiB,106.10 W,240.00 W,51
2023-01-21 12:40:59.074,NVIDIA GeForce RTX 3070,41 %,26 %,8192 MiB,7131 MiB,106.21 W,240.00 W,50
2023-01-21 12:41:00.075,NVIDIA GeForce RTX 3070,46 %,29 %,8192 MiB,7131 MiB,105.97 W,240.00 W,51
2023-01-21 12:41:01.076,NVIDIA GeForce RTX 3070,44 %,28 %,8192 MiB,7131 MiB,106.87 W,240.00 W,51
2023-01-21 12:41:02.077,NVIDIA GeForce RTX 3070,63 %,42 %,8192 MiB,7131 MiB,111.02 W,240.00 W,52
2023-01-21 12:41:03.078,NVIDIA GeForce RTX 3070,71 %,51 %,8192 MiB,7131 MiB,140.86 W,240.00 W,53
2023-01-21 12:41:04.078,NVIDIA GeForce RTX 3070,41 %,25 %,8192 MiB,7131 MiB,119.07 W,240.00 W,51
2023-01-21 12:41:05.079,NVIDIA GeForce RTX 3070,41 %,26 %,8192 MiB,7131 MiB,106.86 W,240.00 W,51
2023-01-21 12:41:06.080,NVIDIA GeForce RTX 3070,42 %,26 %,8192 MiB,7131 MiB,107.17 W,240.00 W,51
2023-01-21 12:41:07.081,NVIDIA GeForce RTX 3070,44 %,28 %,8192 MiB,7131 MiB,106.23 W,240.00 W,51
2023-01-21 12:41:08.083,NVIDIA GeForce RTX 3070,41 %,26 %,8192 MiB,7131 MiB,106.86 W,240.00 W,51
2023-01-21 12:41:09.084,NVIDIA GeForce RTX 3070,44 %,28 %,8192 MiB,7131 MiB,106.88 W,240.00 W,50
2023-01-21 12:41:10.084,NVIDIA GeForce RTX 3070,41 %,25 %,8192 MiB,7131 MiB,106.25 W,240.00 W,50
2023-01-21 12:41:11.085,NVIDIA GeForce RTX 3070,60 %,41 %,8192 MiB,7131 MiB,109.87 W,240.00 W,52
2023-01-21 12:41:12.086,NVIDIA GeForce RTX 3070,69 %,49 %,8192 MiB,7131 MiB,138.76 W,240.00 W,53
2023-01-21 12:41:13.088,NVIDIA GeForce RTX 3070,1 %,0 %,8192 MiB,7131 MiB,108.58 W,240.00 W,48
2023-01-21 12:41:14.089,NVIDIA GeForce RTX 3070,0 %,0 %,8192 MiB,7131 MiB,68.13 W,240.00 W,48
2023-01-21 12:41:15.090,NVIDIA GeForce RTX 3070,0 %,0 %,8192 MiB,7131 MiB,60.94 W,240.00 W,46
2023-01-21 12:41:16.091,NVIDIA GeForce RTX 3070,0 %,0 %,8192 MiB,7131 MiB,54.92 W,240.00 W,46
2023-01-21 12:41:17.092,NVIDIA GeForce RTX 3070,1 %,0 %,8192 MiB,7131 MiB,55.83 W,240.00 W,45
2023-01-21 12:41:18.092,NVIDIA GeForce RTX 3070,61 %,38 %,8192 MiB,7131 MiB,99.47 W,240.00 W,51
2023-01-21 12:41:19.093,NVIDIA GeForce RTX 3070,61 %,37 %,8192 MiB,7131 MiB,128.71 W,240.00 W,51
2023-01-21 12:41:20.094,NVIDIA GeForce RTX 3070,63 %,38 %,8192 MiB,7131 MiB,129.26 W,240.00 W,52
2023-01-21 12:41:21.095,NVIDIA GeForce RTX 3070,62 %,37 %,8192 MiB,7131 MiB,128.89 W,240.00 W,52
2023-01-21 12:41:22.096,NVIDIA GeForce RTX 3070,57 %,34 %,8192 MiB,7131 MiB,125.98 W,240.00 W,52
2023-01-21 12:41:23.097,NVIDIA GeForce RTX 3070,61 %,36 %,8192 MiB,7131 MiB,127.93 W,240.00 W,52
2023-01-21 12:41:24.098,NVIDIA GeForce RTX 3070,57 %,35 %,8192 MiB,7131 MiB,128.19 W,240.00 W,52
2023-01-21 12:41:25.099,NVIDIA GeForce RTX 3070,60 %,36 %,8192 MiB,7131 MiB,126.82 W,240.00 W,52
2023-01-21 12:41:26.100,NVIDIA GeForce RTX 3070,59 %,36 %,8192 MiB,7131 MiB,125.91 W,240.00 W,52
2023-01-21 12:41:27.101,NVIDIA GeForce RTX 3070,63 %,38 %,8192 MiB,7131 MiB,128.12 W,240.00 W,53
2023-01-21 12:41:28.102,NVIDIA GeForce RTX 3070,67 %,41 %,8192 MiB,7131 MiB,129.91 W,240.00 W,52
2023-01-21 12:41:29.104,NVIDIA GeForce RTX 3070,54 %,32 %,8192 MiB,7131 MiB,125.05 W,240.00 W,52
2023-01-21 12:41:30.105,NVIDIA GeForce RTX 3070,56 %,34 %,8192 MiB,7131 MiB,123.98 W,240.00 W,52
2023-01-21 12:41:31.106,NVIDIA GeForce RTX 3070,59 %,34 %,8192 MiB,7131 MiB,124.99 W,240.00 W,52
2023-01-21 12:41:32.107,NVIDIA GeForce RTX 3070,60 %,37 %,8192 MiB,7131 MiB,125.69 W,240.00 W,53
2023-01-21 12:41:33.108,NVIDIA GeForce RTX 3070,60 %,36 %,8192 MiB,7131 MiB,127.27 W,240.00 W,53
2023-01-21 12:41:34.109,NVIDIA GeForce RTX 3070,61 %,37 %,8192 MiB,7131 MiB,127.75 W,240.00 W,53
2023-01-21 12:41:35.110,NVIDIA GeForce RTX 3070,58 %,34 %,8192 MiB,7131 MiB,127.33 W,240.00 W,53
2023-01-21 12:41:36.111,NVIDIA GeForce RTX 3070,62 %,36 %,8192 MiB,7131 MiB,125.52 W,240.00 W,53
2023-01-21 12:41:37.112,NVIDIA GeForce RTX 3070,60 %,36 %,8192 MiB,7131 MiB,126.73 W,240.00 W,53
2023-01-21 12:41:38.114,NVIDIA GeForce RTX 3070,59 %,41 %,8192 MiB,7131 MiB,105.15 W,240.00 W,52
2023-01-21 12:41:39.115,NVIDIA GeForce RTX 3070,59 %,42 %,8192 MiB,7131 MiB,129.27 W,240.00 W,53
2023-01-21 12:41:40.116,NVIDIA GeForce RTX 3070,59 %,36 %,8192 MiB,7131 MiB,117.96 W,240.00 W,52
2023-01-21 12:41:41.117,NVIDIA GeForce RTX 3070,61 %,37 %,8192 MiB,7131 MiB,127.01 W,240.00 W,53
2023-01-21 12:41:42.119,NVIDIA GeForce RTX 3070,56 %,34 %,8192 MiB,7131 MiB,124.46 W,240.00 W,53
2023-01-21 12:41:43.120,NVIDIA GeForce RTX 3070,58 %,34 %,8192 MiB,7131 MiB,125.72 W,240.00 W,53
2023-01-21 12:41:44.121,NVIDIA GeForce RTX 3070,62 %,38 %,8192 MiB,7131 MiB,127.54 W,240.00 W,53
2023-01-21 12:41:45.123,NVIDIA GeForce RTX 3070,60 %,36 %,8192 MiB,7131 MiB,125.86 W,240.00 W,53
2023-01-21 12:41:46.124,NVIDIA GeForce RTX 3070,57 %,34 %,8192 MiB,7131 MiB,126.34 W,240.00 W,53
2023-01-21 12:41:47.125,NVIDIA GeForce RTX 3070,59 %,36 %,8192 MiB,7131 MiB,127.04 W,240.00 W,53
2023-01-21 12:41:48.126,NVIDIA GeForce RTX 3070,60 %,36 %,8192 MiB,7131 MiB,127.52 W,240.00 W,53
2023-01-21 12:41:49.127,NVIDIA GeForce RTX 3070,56 %,34 %,8192 MiB,7131 MiB,126.07 W,240.00 W,53
2023-01-21 12:41:50.128,NVIDIA GeForce RTX 3070,57 %,34 %,8192 MiB,7131 MiB,126.09 W,240.00 W,53
2023-01-21 12:41:51.130,NVIDIA GeForce RTX 3070,58 %,34 %,8192 MiB,7131 MiB,128.67 W,240.00 W,53
2023-01-21 12:41:52.131,NVIDIA GeForce RTX 3070,61 %,37 %,8192 MiB,7131 MiB,128.75 W,240.00 W,53
2023-01-21 12:41:53.132,NVIDIA GeForce RTX 3070,58 %,34 %,8192 MiB,7131 MiB,126.21 W,240.00 W,53
2023-01-21 12:41:54.133,NVIDIA GeForce RTX 3070,64 %,39 %,8192 MiB,7131 MiB,127.91 W,240.00 W,53
2023-01-21 12:41:55.135,NVIDIA GeForce RTX 3070,57 %,34 %,8192 MiB,7131 MiB,127.39 W,240.00 W,53
2023-01-21 12:41:56.136,NVIDIA GeForce RTX 3070,61 %,37 %,8192 MiB,7131 MiB,127.04 W,240.00 W,53
2023-01-21 12:41:57.138,NVIDIA GeForce RTX 3070,60 %,36 %,8192 MiB,7131 MiB,126.72 W,240.00 W,53
2023-01-21 12:41:58.139,NVIDIA GeForce RTX 3070,59 %,36 %,8192 MiB,7131 MiB,127.09 W,240.00 W,53
2023-01-21 12:41:59.140,NVIDIA GeForce RTX 3070,58 %,34 %,8192 MiB,7131 MiB,126.42 W,240.00 W,53
2023-01-21 12:42:00.142,NVIDIA GeForce RTX 3070,63 %,45 %,8192 MiB,7131 MiB,128.75 W,240.00 W,54
2023-01-21 12:42:01.143,NVIDIA GeForce RTX 3070,61 %,44 %,8192 MiB,7131 MiB,131.10 W,240.00 W,54
2023-01-21 12:42:02.145,NVIDIA GeForce RTX 3070,61 %,36 %,8192 MiB,7131 MiB,123.41 W,240.00 W,53
2023-01-21 12:42:03.146,NVIDIA GeForce RTX 3070,61 %,38 %,8192 MiB,7131 MiB,127.82 W,240.00 W,54
2023-01-21 12:42:04.147,NVIDIA GeForce RTX 3070,60 %,35 %,8192 MiB,7131 MiB,126.53 W,240.00 W,54
2023-01-21 12:42:05.149,NVIDIA GeForce RTX 3070,61 %,36 %,8192 MiB,7131 MiB,127.21 W,240.00 W,54
2023-01-21 12:42:06.150,NVIDIA GeForce RTX 3070,61 %,37 %,8192 MiB,7131 MiB,127.44 W,240.00 W,53
2023-01-21 12:42:07.152,NVIDIA GeForce RTX 3070,61 %,37 %,8192 MiB,7131 MiB,126.89 W,240.00 W,54
2023-01-21 12:42:08.154,NVIDIA GeForce RTX 3070,61 %,37 %,8192 MiB,7131 MiB,126.95 W,240.00 W,54
2023-01-21 12:42:09.155,NVIDIA GeForce RTX 3070,60 %,37 %,8192 MiB,7131 MiB,126.95 W,240.00 W,54
2023-01-21 12:42:10.156,NVIDIA GeForce RTX 3070,57 %,34 %,8192 MiB,7131 MiB,128.35 W,240.00 W,53
2023-01-21 12:42:11.158,NVIDIA GeForce RTX 3070,61 %,36 %,8192 MiB,7131 MiB,128.25 W,240.00 W,54
2023-01-21 12:42:12.159,NVIDIA GeForce RTX 3070,61 %,37 %,8192 MiB,7131 MiB,128.77 W,240.00 W,54
2023-01-21 12:42:13.160,NVIDIA GeForce RTX 3070,58 %,36 %,8192 MiB,7131 MiB,127.46 W,240.00 W,54
2023-01-21 12:42:14.162,NVIDIA GeForce RTX 3070,60 %,35 %,8192 MiB,7131 MiB,126.56 W,240.00 W,53
2023-01-21 12:42:15.163,NVIDIA GeForce RTX 3070,61 %,36 %,8192 MiB,7131 MiB,127.47 W,240.00 W,54
2023-01-21 12:42:16.165,NVIDIA GeForce RTX 3070,60 %,36 %,8192 MiB,7131 MiB,125.31 W,240.00 W,54
2023-01-21 12:42:17.166,NVIDIA GeForce RTX 3070,62 %,36 %,8192 MiB,7131 MiB,127.91 W,240.00 W,54
2023-01-21 12:42:18.168,NVIDIA GeForce RTX 3070,65 %,39 %,8192 MiB,7131 MiB,129.45 W,240.00 W,54
2023-01-21 12:42:19.170,NVIDIA GeForce RTX 3070,61 %,37 %,8192 MiB,7131 MiB,128.71 W,240.00 W,54
2023-01-21 12:42:20.170,NVIDIA GeForce RTX 3070,63 %,39 %,8192 MiB,7131 MiB,127.78 W,240.00 W,54
2023-01-21 12:42:21.171,NVIDIA GeForce RTX 3070,60 %,37 %,8192 MiB,7131 MiB,128.46 W,240.00 W,54
2023-01-21 12:42:22.172,NVIDIA GeForce RTX 3070,68 %,48 %,8192 MiB,7131 MiB,132.28 W,240.00 W,54
2023-01-21 12:42:23.172,NVIDIA GeForce RTX 3070,58 %,42 %,8192 MiB,7131 MiB,132.88 W,240.00 W,54
2023-01-21 12:42:24.173,NVIDIA GeForce RTX 3070,62 %,38 %,8192 MiB,7131 MiB,123.06 W,240.00 W,54
2023-01-21 12:42:25.174,NVIDIA GeForce RTX 3070,61 %,36 %,8192 MiB,7131 MiB,127.64 W,240.00 W,54
2023-01-21 12:42:26.174,NVIDIA GeForce RTX 3070,59 %,35 %,8192 MiB,7131 MiB,127.85 W,240.00 W,54
2023-01-21 12:42:27.175,NVIDIA GeForce RTX 3070,61 %,36 %,8192 MiB,7131 MiB,128.86 W,240.00 W,54
2023-01-21 12:42:28.176,NVIDIA GeForce RTX 3070,60 %,36 %,8192 MiB,7131 MiB,126.76 W,240.00 W,54
2023-01-21 12:42:29.176,NVIDIA GeForce RTX 3070,60 %,35 %,8192 MiB,7131 MiB,126.83 W,240.00 W,54
2023-01-21 12:42:30.177,NVIDIA GeForce RTX 3070,60 %,37 %,8192 MiB,7131 MiB,129.66 W,240.00 W,54
2023-01-21 12:42:31.178,NVIDIA GeForce RTX 3070,61 %,36 %,8192 MiB,7131 MiB,129.61 W,240.00 W,54
2023-01-21 12:42:32.179,NVIDIA GeForce RTX 3070,61 %,37 %,8192 MiB,7131 MiB,128.76 W,240.00 W,54
2023-01-21 12:42:33.179,NVIDIA GeForce RTX 3070,60 %,36 %,8192 MiB,7131 MiB,127.87 W,240.00 W,54
2023-01-21 12:42:34.180,NVIDIA GeForce RTX 3070,62 %,38 %,8192 MiB,7131 MiB,128.63 W,240.00 W,54
2023-01-21 12:42:35.181,NVIDIA GeForce RTX 3070,61 %,36 %,8192 MiB,7131 MiB,128.11 W,240.00 W,54
2023-01-21 12:42:36.182,NVIDIA GeForce RTX 3070,60 %,36 %,8192 MiB,7131 MiB,126.92 W,240.00 W,54
2023-01-21 12:42:37.183,NVIDIA GeForce RTX 3070,57 %,34 %,8192 MiB,7131 MiB,126.42 W,240.00 W,54
2023-01-21 12:42:38.184,NVIDIA GeForce RTX 3070,55 %,34 %,8192 MiB,7131 MiB,128.59 W,240.00 W,54
2023-01-21 12:42:39.185,NVIDIA GeForce RTX 3070,58 %,35 %,8192 MiB,7131 MiB,127.10 W,240.00 W,54
2023-01-21 12:42:40.185,NVIDIA GeForce RTX 3070,60 %,36 %,8192 MiB,7131 MiB,128.58 W,240.00 W,54
2023-01-21 12:42:41.186,NVIDIA GeForce RTX 3070,62 %,37 %,8192 MiB,7131 MiB,129.57 W,240.00 W,54
2023-01-21 12:42:42.187,NVIDIA GeForce RTX 3070,60 %,36 %,8192 MiB,7131 MiB,126.94 W,240.00 W,54
2023-01-21 12:42:43.188,NVIDIA GeForce RTX 3070,61 %,35 %,8192 MiB,7131 MiB,126.72 W,240.00 W,54
2023-01-21 12:42:44.189,NVIDIA GeForce RTX 3070,70 %,49 %,8192 MiB,7131 MiB,136.21 W,240.00 W,55
2023-01-21 12:42:45.190,NVIDIA GeForce RTX 3070,48 %,34 %,8192 MiB,7131 MiB,134.34 W,240.00 W,54
2023-01-21 12:42:46.190,NVIDIA GeForce RTX 3070,60 %,36 %,8192 MiB,7131 MiB,124.49 W,240.00 W,54
2023-01-21 12:42:47.191,NVIDIA GeForce RTX 3070,63 %,39 %,8192 MiB,7131 MiB,129.91 W,240.00 W,54
2023-01-21 12:42:48.192,NVIDIA GeForce RTX 3070,59 %,36 %,8192 MiB,7131 MiB,127.32 W,240.00 W,54
2023-01-21 12:42:49.193,NVIDIA GeForce RTX 3070,57 %,35 %,8192 MiB,7131 MiB,125.88 W,240.00 W,54
2023-01-21 12:42:50.194,NVIDIA GeForce RTX 3070,56 %,34 %,8192 MiB,7131 MiB,126.19 W,240.00 W,54
2023-01-21 12:42:51.195,NVIDIA GeForce RTX 3070,63 %,38 %,8192 MiB,7131 MiB,127.73 W,240.00 W,54
2023-01-21 12:42:52.196,NVIDIA GeForce RTX 3070,59 %,36 %,8192 MiB,7131 MiB,128.61 W,240.00 W,54
2023-01-21 12:42:53.200,NVIDIA GeForce RTX 3070,63 %,39 %,8192 MiB,7131 MiB,129.32 W,240.00 W,55
2023-01-21 12:42:54.201,NVIDIA GeForce RTX 3070,59 %,36 %,8192 MiB,7131 MiB,129.46 W,240.00 W,54
2023-01-21 12:42:55.202,NVIDIA GeForce RTX 3070,60 %,37 %,8192 MiB,7131 MiB,127.31 W,240.00 W,54
2023-01-21 12:42:56.203,NVIDIA GeForce RTX 3070,59 %,36 %,8192 MiB,7131 MiB,127.97 W,240.00 W,54
2023-01-21 12:42:57.204,NVIDIA GeForce RTX 3070,60 %,37 %,8192 MiB,7131 MiB,127.32 W,240.00 W,54
2023-01-21 12:42:58.204,NVIDIA GeForce RTX 3070,57 %,34 %,8192 MiB,7131 MiB,125.16 W,240.00 W,54
2023-01-21 12:42:59.205,NVIDIA GeForce RTX 3070,57 %,35 %,8192 MiB,7131 MiB,127.01 W,240.00 W,54
2023-01-21 12:43:00.206,NVIDIA GeForce RTX 3070,61 %,38 %,8192 MiB,7131 MiB,127.70 W,240.00 W,54
2023-01-21 12:43:01.207,NVIDIA GeForce RTX 3070,61 %,36 %,8192 MiB,7131 MiB,128.19 W,240.00 W,54
2023-01-21 12:43:02.208,NVIDIA GeForce RTX 3070,62 %,38 %,8192 MiB,7131 MiB,129.25 W,240.00 W,54
2023-01-21 12:43:03.209,NVIDIA GeForce RTX 3070,57 %,34 %,8192 MiB,7131 MiB,128.34 W,240.00 W,54
2023-01-21 12:43:04.210,NVIDIA GeForce RTX 3070,63 %,38 %,8192 MiB,7131 MiB,128.38 W,240.00 W,55
2023-01-21 12:43:05.211,NVIDIA GeForce RTX 3070,70 %,49 %,8192 MiB,7131 MiB,131.90 W,240.00 W,55
2023-01-21 12:43:06.212,NVIDIA GeForce RTX 3070,72 %,51 %,8192 MiB,7131 MiB,143.30 W,240.00 W,56
2023-01-21 12:43:07.214,NVIDIA GeForce RTX 3070,62 %,37 %,8192 MiB,7131 MiB,127.84 W,240.00 W,54
2023-01-21 12:43:08.215,NVIDIA GeForce RTX 3070,58 %,35 %,8192 MiB,7131 MiB,128.45 W,240.00 W,54
2023-01-21 12:43:09.216,NVIDIA GeForce RTX 3070,61 %,36 %,8192 MiB,7131 MiB,128.29 W,240.00 W,55
2023-01-21 12:43:10.217,NVIDIA GeForce RTX 3070,61 %,38 %,8192 MiB,7131 MiB,130.53 W,240.00 W,55
2023-01-21 12:43:11.218,NVIDIA GeForce RTX 3070,61 %,38 %,8192 MiB,7131 MiB,127.87 W,240.00 W,54
2023-01-21 12:43:12.219,NVIDIA GeForce RTX 3070,61 %,37 %,8192 MiB,7131 MiB,128.91 W,240.00 W,55
2023-01-21 12:43:13.220,NVIDIA GeForce RTX 3070,62 %,38 %,8192 MiB,7131 MiB,129.91 W,240.00 W,55
2023-01-21 12:43:14.221,NVIDIA GeForce RTX 3070,56 %,34 %,8192 MiB,7131 MiB,125.76 W,240.00 W,54
2023-01-21 12:43:15.222,NVIDIA GeForce RTX 3070,56 %,34 %,8192 MiB,7131 MiB,124.28 W,240.00 W,54
2023-01-21 12:43:16.223,NVIDIA GeForce RTX 3070,55 %,33 %,8192 MiB,7131 MiB,124.33 W,240.00 W,54
2023-01-21 12:43:17.224,NVIDIA GeForce RTX 3070,53 %,31 %,8192 MiB,7131 MiB,125.30 W,240.00 W,54
2023-01-21 12:43:18.225,NVIDIA GeForce RTX 3070,60 %,37 %,8192 MiB,7131 MiB,126.75 W,240.00 W,54
2023-01-21 12:43:19.226,NVIDIA GeForce RTX 3070,62 %,38 %,8192 MiB,7131 MiB,129.72 W,240.00 W,54
2023-01-21 12:43:20.228,NVIDIA GeForce RTX 3070,63 %,38 %,8192 MiB,7131 MiB,131.06 W,240.00 W,55
2023-01-21 12:43:21.229,NVIDIA GeForce RTX 3070,59 %,35 %,8192 MiB,7131 MiB,129.50 W,240.00 W,55
2023-01-21 12:43:22.230,NVIDIA GeForce RTX 3070,59 %,37 %,8192 MiB,7131 MiB,129.11 W,240.00 W,55
2023-01-21 12:43:23.232,NVIDIA GeForce RTX 3070,64 %,38 %,8192 MiB,7131 MiB,129.74 W,240.00 W,55
2023-01-21 12:43:24.233,NVIDIA GeForce RTX 3070,60 %,37 %,8192 MiB,7131 MiB,127.97 W,240.00 W,55
2023-01-21 12:43:25.234,NVIDIA GeForce RTX 3070,62 %,38 %,8192 MiB,7131 MiB,129.88 W,240.00 W,54
2023-01-21 12:43:26.235,NVIDIA GeForce RTX 3070,61 %,37 %,8192 MiB,7131 MiB,128.94 W,240.00 W,55
2023-01-21 12:43:27.237,NVIDIA GeForce RTX 3070,69 %,49 %,8192 MiB,7131 MiB,133.15 W,240.00 W,55
2023-01-21 12:43:28.238,NVIDIA GeForce RTX 3070,75 %,54 %,8192 MiB,7131 MiB,141.94 W,240.00 W,56
2023-01-21 12:43:29.239,NVIDIA GeForce RTX 3070,63 %,37 %,8192 MiB,7131 MiB,127.80 W,240.00 W,54
2023-01-21 12:43:30.240,NVIDIA GeForce RTX 3070,61 %,36 %,8192 MiB,7131 MiB,125.57 W,240.00 W,54
2023-01-21 12:43:31.242,NVIDIA GeForce RTX 3070,62 %,38 %,8192 MiB,7131 MiB,125.80 W,240.00 W,54
2023-01-21 12:43:32.243,NVIDIA GeForce RTX 3070,61 %,36 %,8192 MiB,7131 MiB,126.86 W,240.00 W,54
2023-01-21 12:43:33.244,NVIDIA GeForce RTX 3070,61 %,38 %,8192 MiB,7131 MiB,127.71 W,240.00 W,54
2023-01-21 12:43:34.246,NVIDIA GeForce RTX 3070,61 %,36 %,8192 MiB,7131 MiB,125.59 W,240.00 W,54
2023-01-21 12:43:35.247,NVIDIA GeForce RTX 3070,65 %,39 %,8192 MiB,7131 MiB,127.79 W,240.00 W,55
2023-01-21 12:43:36.249,NVIDIA GeForce RTX 3070,59 %,36 %,8192 MiB,7131 MiB,126.55 W,240.00 W,54
2023-01-21 12:43:37.250,NVIDIA GeForce RTX 3070,58 %,34 %,8192 MiB,7131 MiB,125.67 W,240.00 W,54
2023-01-21 12:43:38.251,NVIDIA GeForce RTX 3070,57 %,34 %,8192 MiB,7131 MiB,124.10 W,240.00 W,54
2023-01-21 12:43:39.252,NVIDIA GeForce RTX 3070,60 %,36 %,8192 MiB,7131 MiB,124.36 W,240.00 W,54
2023-01-21 12:43:40.254,NVIDIA GeForce RTX 3070,59 %,35 %,8192 MiB,7131 MiB,125.96 W,240.00 W,54
2023-01-21 12:43:41.255,NVIDIA GeForce RTX 3070,61 %,37 %,8192 MiB,7131 MiB,129.29 W,240.00 W,55
2023-01-21 12:43:42.256,NVIDIA GeForce RTX 3070,60 %,34 %,8192 MiB,7131 MiB,126.82 W,240.00 W,54
2023-01-21 12:43:43.258,NVIDIA GeForce RTX 3070,57 %,34 %,8192 MiB,7131 MiB,124.50 W,240.00 W,54
2023-01-21 12:43:44.259,NVIDIA GeForce RTX 3070,62 %,38 %,8192 MiB,7131 MiB,125.84 W,240.00 W,55
2023-01-21 12:43:45.260,NVIDIA GeForce RTX 3070,62 %,36 %,8192 MiB,7131 MiB,128.34 W,240.00 W,54
2023-01-21 12:43:46.262,NVIDIA GeForce RTX 3070,64 %,38 %,8192 MiB,7131 MiB,127.66 W,240.00 W,55
2023-01-21 12:43:47.263,NVIDIA GeForce RTX 3070,65 %,39 %,8192 MiB,7131 MiB,127.27 W,240.00 W,55
2023-01-21 12:43:48.265,NVIDIA GeForce RTX 3070,61 %,37 %,8192 MiB,7131 MiB,128.97 W,240.00 W,54
2023-01-21 12:43:49.266,NVIDIA GeForce RTX 3070,75 %,53 %,8192 MiB,7131 MiB,137.47 W,240.00 W,55
2023-01-21 12:43:50.268,NVIDIA GeForce RTX 3070,34 %,20 %,8192 MiB,7131 MiB,133.16 W,240.00 W,54
2023-01-21 12:43:51.269,NVIDIA GeForce RTX 3070,62 %,38 %,8192 MiB,7131 MiB,126.79 W,240.00 W,54
2023-01-21 12:43:52.270,NVIDIA GeForce RTX 3070,61 %,37 %,8192 MiB,7131 MiB,125.86 W,240.00 W,54
2023-01-21 12:43:53.272,NVIDIA GeForce RTX 3070,62 %,38 %,8192 MiB,7131 MiB,128.74 W,240.00 W,55
2023-01-21 12:43:54.273,NVIDIA GeForce RTX 3070,59 %,34 %,8192 MiB,7131 MiB,126.73 W,240.00 W,54
2023-01-21 12:43:55.275,NVIDIA GeForce RTX 3070,58 %,34 %,8192 MiB,7131 MiB,126.03 W,240.00 W,54
2023-01-21 12:43:56.276,NVIDIA GeForce RTX 3070,59 %,35 %,8192 MiB,7131 MiB,125.71 W,240.00 W,54
2023-01-21 12:43:57.278,NVIDIA GeForce RTX 3070,58 %,36 %,8192 MiB,7131 MiB,127.47 W,240.00 W,54
2023-01-21 12:43:58.279,NVIDIA GeForce RTX 3070,61 %,36 %,8192 MiB,7131 MiB,127.84 W,240.00 W,54
2023-01-21 12:43:59.280,NVIDIA GeForce RTX 3070,60 %,35 %,8192 MiB,7131 MiB,127.65 W,240.00 W,54
2023-01-21 12:44:00.281,NVIDIA GeForce RTX 3070,58 %,36 %,8192 MiB,7131 MiB,125.60 W,240.00 W,55
2023-01-21 12:44:01.281,NVIDIA GeForce RTX 3070,58 %,34 %,8192 MiB,7131 MiB,126.28 W,240.00 W,54
2023-01-21 12:44:02.282,NVIDIA GeForce RTX 3070,61 %,38 %,8192 MiB,7131 MiB,127.52 W,240.00 W,54
2023-01-21 12:44:03.283,NVIDIA GeForce RTX 3070,60 %,36 %,8192 MiB,7131 MiB,126.57 W,240.00 W,54
2023-01-21 12:44:04.283,NVIDIA GeForce RTX 3070,63 %,38 %,8192 MiB,7131 MiB,127.90 W,240.00 W,54
2023-01-21 12:44:05.284,NVIDIA GeForce RTX 3070,59 %,35 %,8192 MiB,7131 MiB,127.33 W,240.00 W,54
2023-01-21 12:44:06.285,NVIDIA GeForce RTX 3070,59 %,35 %,8192 MiB,7131 MiB,127.35 W,240.00 W,54
2023-01-21 12:44:07.286,NVIDIA GeForce RTX 3070,58 %,35 %,8192 MiB,7131 MiB,127.82 W,240.00 W,54
2023-01-21 12:44:08.286,NVIDIA GeForce RTX 3070,59 %,35 %,8192 MiB,7131 MiB,125.09 W,240.00 W,54
2023-01-21 12:44:09.287,NVIDIA GeForce RTX 3070,59 %,36 %,8192 MiB,7131 MiB,126.23 W,240.00 W,54
2023-01-21 12:44:10.288,NVIDIA GeForce RTX 3070,70 %,48 %,8192 MiB,7131 MiB,129.71 W,240.00 W,55
2023-01-21 12:44:11.288,NVIDIA GeForce RTX 3070,71 %,51 %,8192 MiB,7131 MiB,140.67 W,240.00 W,55
2023-01-21 12:44:12.289,NVIDIA GeForce RTX 3070,62 %,36 %,8192 MiB,7131 MiB,126.44 W,240.00 W,54
2023-01-21 12:44:13.290,NVIDIA GeForce RTX 3070,59 %,36 %,8192 MiB,7131 MiB,127.05 W,240.00 W,54
2023-01-21 12:44:14.291,NVIDIA GeForce RTX 3070,60 %,36 %,8192 MiB,7131 MiB,125.10 W,240.00 W,54
2023-01-21 12:44:15.292,NVIDIA GeForce RTX 3070,59 %,36 %,8192 MiB,7131 MiB,126.52 W,240.00 W,54
2023-01-21 12:44:16.293,NVIDIA GeForce RTX 3070,61 %,38 %,8192 MiB,7131 MiB,126.47 W,240.00 W,54
2023-01-21 12:44:17.294,NVIDIA GeForce RTX 3070,63 %,37 %,8192 MiB,7131 MiB,127.34 W,240.00 W,54
2023-01-21 12:44:18.295,NVIDIA GeForce RTX 3070,60 %,36 %,8192 MiB,7131 MiB,127.00 W,240.00 W,54
2023-01-21 12:44:19.296,NVIDIA GeForce RTX 3070,62 %,38 %,8192 MiB,7131 MiB,126.32 W,240.00 W,54
2023-01-21 12:44:20.296,NVIDIA GeForce RTX 3070,61 %,37 %,8192 MiB,7131 MiB,126.35 W,240.00 W,54
2023-01-21 12:44:21.297,NVIDIA GeForce RTX 3070,59 %,35 %,8192 MiB,7131 MiB,126.42 W,240.00 W,54
2023-01-21 12:44:22.298,NVIDIA GeForce RTX 3070,62 %,38 %,8192 MiB,7131 MiB,128.68 W,240.00 W,55
2023-01-21 12:44:23.299,NVIDIA GeForce RTX 3070,59 %,36 %,8192 MiB,7131 MiB,128.17 W,240.00 W,55
2023-01-21 12:44:24.300,NVIDIA GeForce RTX 3070,57 %,34 %,8192 MiB,7131 MiB,126.36 W,240.00 W,54
2023-01-21 12:44:25.301,NVIDIA GeForce RTX 3070,58 %,34 %,8192 MiB,7131 MiB,126.82 W,240.00 W,54
2023-01-21 12:44:26.302,NVIDIA GeForce RTX 3070,63 %,38 %,8192 MiB,7131 MiB,127.52 W,240.00 W,54
2023-01-21 12:44:27.302,NVIDIA GeForce RTX 3070,64 %,39 %,8192 MiB,7131 MiB,128.05 W,240.00 W,54
2023-01-21 12:44:28.303,NVIDIA GeForce RTX 3070,60 %,36 %,8192 MiB,7131 MiB,125.94 W,240.00 W,54
2023-01-21 12:44:29.304,NVIDIA GeForce RTX 3070,60 %,35 %,8192 MiB,7131 MiB,127.24 W,240.00 W,54
2023-01-21 12:44:30.305,NVIDIA GeForce RTX 3070,64 %,38 %,8192 MiB,7131 MiB,126.83 W,240.00 W,54
2023-01-21 12:44:31.307,NVIDIA GeForce RTX 3070,61 %,37 %,8192 MiB,7131 MiB,125.43 W,240.00 W,54
2023-01-21 12:44:32.308,NVIDIA GeForce RTX 3070,74 %,52 %,8192 MiB,7131 MiB,132.51 W,240.00 W,55
2023-01-21 12:44:33.309,NVIDIA GeForce RTX 3070,63 %,45 %,8192 MiB,7131 MiB,142.08 W,240.00 W,53
2023-01-21 12:44:34.310,NVIDIA GeForce RTX 3070,60 %,34 %,8192 MiB,7131 MiB,121.55 W,240.00 W,54
2023-01-21 12:44:35.311,NVIDIA GeForce RTX 3070,60 %,36 %,8192 MiB,7131 MiB,126.79 W,240.00 W,54
2023-01-21 12:44:36.312,NVIDIA GeForce RTX 3070,60 %,36 %,8192 MiB,7131 MiB,127.91 W,240.00 W,54
2023-01-21 12:44:37.313,NVIDIA GeForce RTX 3070,66 %,41 %,8192 MiB,7131 MiB,127.19 W,240.00 W,54
2023-01-21 12:44:38.314,NVIDIA GeForce RTX 3070,61 %,37 %,8192 MiB,7131 MiB,128.13 W,240.00 W,54
2023-01-21 12:44:39.315,NVIDIA GeForce RTX 3070,61 %,35 %,8192 MiB,7131 MiB,127.66 W,240.00 W,55
2023-01-21 12:44:40.315,NVIDIA GeForce RTX 3070,63 %,38 %,8192 MiB,7131 MiB,128.77 W,240.00 W,55
2023-01-21 12:44:41.317,NVIDIA GeForce RTX 3070,65 %,39 %,8192 MiB,7131 MiB,129.25 W,240.00 W,54
2023-01-21 12:44:42.318,NVIDIA GeForce RTX 3070,61 %,36 %,8192 MiB,7131 MiB,125.91 W,240.00 W,55
2023-01-21 12:44:43.319,NVIDIA GeForce RTX 3070,58 %,36 %,8192 MiB,7131 MiB,128.27 W,240.00 W,55
2023-01-21 12:44:44.320,NVIDIA GeForce RTX 3070,58 %,35 %,8192 MiB,7131 MiB,127.85 W,240.00 W,54
2023-01-21 12:44:45.321,NVIDIA GeForce RTX 3070,64 %,38 %,8192 MiB,7131 MiB,126.95 W,240.00 W,54
2023-01-21 12:44:46.322,NVIDIA GeForce RTX 3070,62 %,37 %,8192 MiB,7131 MiB,129.40 W,240.00 W,55
2023-01-21 12:44:47.323,NVIDIA GeForce RTX 3070,60 %,36 %,8192 MiB,7131 MiB,126.85 W,240.00 W,54
2023-01-21 12:44:48.325,NVIDIA GeForce RTX 3070,60 %,37 %,8192 MiB,7131 MiB,126.42 W,240.00 W,54
2023-01-21 12:44:49.326,NVIDIA GeForce RTX 3070,61 %,37 %,8192 MiB,7131 MiB,126.78 W,240.00 W,54
2023-01-21 12:44:50.327,NVIDIA GeForce RTX 3070,62 %,38 %,8192 MiB,7131 MiB,128.18 W,240.00 W,54
2023-01-21 12:44:51.328,NVIDIA GeForce RTX 3070,58 %,34 %,8192 MiB,7131 MiB,126.73 W,240.00 W,54
2023-01-21 12:44:52.329,NVIDIA GeForce RTX 3070,59 %,35 %,8192 MiB,7131 MiB,127.06 W,240.00 W,54
2023-01-21 12:44:53.330,NVIDIA GeForce RTX 3070,63 %,40 %,8192 MiB,7131 MiB,127.61 W,240.00 W,54
2023-01-21 12:44:54.331,NVIDIA GeForce RTX 3070,60 %,43 %,8192 MiB,7131 MiB,129.79 W,240.00 W,54
2023-01-21 12:44:55.332,NVIDIA GeForce RTX 3070,36 %,21 %,8192 MiB,7131 MiB,125.07 W,240.00 W,54
2023-01-21 12:44:56.333,NVIDIA GeForce RTX 3070,58 %,34 %,8192 MiB,7131 MiB,125.58 W,240.00 W,54
2023-01-21 12:44:57.334,NVIDIA GeForce RTX 3070,64 %,39 %,8192 MiB,7131 MiB,127.16 W,240.00 W,54
2023-01-21 12:44:58.335,NVIDIA GeForce RTX 3070,61 %,37 %,8192 MiB,7131 MiB,128.00 W,240.00 W,54
2023-01-21 12:44:59.337,NVIDIA GeForce RTX 3070,55 %,34 %,8192 MiB,7131 MiB,126.06 W,240.00 W,54
2023-01-21 12:45:00.338,NVIDIA GeForce RTX 3070,62 %,38 %,8192 MiB,7131 MiB,127.73 W,240.00 W,54
2023-01-21 12:45:01.339,NVIDIA GeForce RTX 3070,63 %,38 %,8192 MiB,7131 MiB,126.66 W,240.00 W,54
2023-01-21 12:45:02.340,NVIDIA GeForce RTX 3070,60 %,36 %,8192 MiB,7131 MiB,128.20 W,240.00 W,54
2023-01-21 12:45:03.341,NVIDIA GeForce RTX 3070,63 %,38 %,8192 MiB,7131 MiB,128.40 W,240.00 W,54
2023-01-21 12:45:04.343,NVIDIA GeForce RTX 3070,58 %,34 %,8192 MiB,7131 MiB,128.20 W,240.00 W,54
2023-01-21 12:45:05.344,NVIDIA GeForce RTX 3070,57 %,34 %,8192 MiB,7131 MiB,125.37 W,240.00 W,54
2023-01-21 12:45:06.345,NVIDIA GeForce RTX 3070,61 %,38 %,8192 MiB,7131 MiB,124.78 W,240.00 W,54
2023-01-21 12:45:07.346,NVIDIA GeForce RTX 3070,64 %,38 %,8192 MiB,7131 MiB,127.41 W,240.00 W,54
2023-01-21 12:45:08.348,NVIDIA GeForce RTX 3070,59 %,34 %,8192 MiB,7131 MiB,127.61 W,240.00 W,54
2023-01-21 12:45:09.349,NVIDIA GeForce RTX 3070,59 %,34 %,8192 MiB,7131 MiB,126.72 W,240.00 W,54
2023-01-21 12:45:10.350,NVIDIA GeForce RTX 3070,59 %,37 %,8192 MiB,7131 MiB,127.11 W,240.00 W,54
2023-01-21 12:45:11.351,NVIDIA GeForce RTX 3070,59 %,36 %,8192 MiB,7131 MiB,127.42 W,240.00 W,54
2023-01-21 12:45:12.353,NVIDIA GeForce RTX 3070,59 %,36 %,8192 MiB,7131 MiB,126.42 W,240.00 W,54
2023-01-21 12:45:13.356,NVIDIA GeForce RTX 3070,61 %,36 %,8192 MiB,7131 MiB,127.81 W,240.00 W,54
2023-01-21 12:45:14.357,NVIDIA GeForce RTX 3070,60 %,36 %,8192 MiB,7131 MiB,126.43 W,240.00 W,54
2023-01-21 12:45:15.358,NVIDIA GeForce RTX 3070,64 %,45 %,8192 MiB,7131 MiB,128.77 W,240.00 W,54
2023-01-21 12:45:16.360,NVIDIA GeForce RTX 3070,64 %,45 %,8192 MiB,7131 MiB,130.07 W,240.00 W,54
2023-01-21 12:45:17.361,NVIDIA GeForce RTX 3070,59 %,36 %,8192 MiB,7131 MiB,120.95 W,240.00 W,54
2023-01-21 12:45:18.362,NVIDIA GeForce RTX 3070,60 %,37 %,8192 MiB,7131 MiB,127.42 W,240.00 W,54
2023-01-21 12:45:19.364,NVIDIA GeForce RTX 3070,58 %,34 %,8192 MiB,7131 MiB,126.69 W,240.00 W,54
2023-01-21 12:45:20.365,NVIDIA GeForce RTX 3070,60 %,35 %,8192 MiB,7131 MiB,127.88 W,240.00 W,54
2023-01-21 12:45:21.366,NVIDIA GeForce RTX 3070,57 %,34 %,8192 MiB,7131 MiB,126.02 W,240.00 W,54
2023-01-21 12:45:22.367,NVIDIA GeForce RTX 3070,62 %,38 %,8192 MiB,7131 MiB,128.03 W,240.00 W,54
2023-01-21 12:45:23.369,NVIDIA GeForce RTX 3070,61 %,36 %,8192 MiB,7131 MiB,127.34 W,240.00 W,54
2023-01-21 12:45:24.371,NVIDIA GeForce RTX 3070,61 %,36 %,8192 MiB,7131 MiB,129.64 W,240.00 W,55
2023-01-21 12:45:25.372,NVIDIA GeForce RTX 3070,59 %,34 %,8192 MiB,7131 MiB,127.57 W,240.00 W,54
2023-01-21 12:45:26.373,NVIDIA GeForce RTX 3070,61 %,37 %,8192 MiB,7131 MiB,128.61 W,240.00 W,54
2023-01-21 12:45:27.375,NVIDIA GeForce RTX 3070,57 %,35 %,8192 MiB,7131 MiB,126.83 W,240.00 W,54
2023-01-21 12:45:28.376,NVIDIA GeForce RTX 3070,63 %,37 %,8192 MiB,7131 MiB,128.97 W,240.00 W,54
2023-01-21 12:45:29.377,NVIDIA GeForce RTX 3070,61 %,36 %,8192 MiB,7131 MiB,128.73 W,240.00 W,54
2023-01-21 12:45:30.379,NVIDIA GeForce RTX 3070,64 %,39 %,8192 MiB,7131 MiB,131.74 W,240.00 W,55
2023-01-21 12:45:31.380,NVIDIA GeForce RTX 3070,59 %,35 %,8192 MiB,7131 MiB,128.88 W,240.00 W,54
2023-01-21 12:45:32.382,NVIDIA GeForce RTX 3070,56 %,34 %,8192 MiB,7131 MiB,125.89 W,240.00 W,54
2023-01-21 12:45:33.383,NVIDIA GeForce RTX 3070,60 %,37 %,8192 MiB,7131 MiB,127.62 W,240.00 W,54
2023-01-21 12:45:34.384,NVIDIA GeForce RTX 3070,58 %,34 %,8192 MiB,7131 MiB,126.97 W,240.00 W,54
2023-01-21 12:45:35.386,NVIDIA GeForce RTX 3070,58 %,34 %,8192 MiB,7131 MiB,127.02 W,240.00 W,54
2023-01-21 12:45:36.388,NVIDIA GeForce RTX 3070,61 %,36 %,8192 MiB,7131 MiB,127.06 W,240.00 W,54
2023-01-21 12:45:37.389,NVIDIA GeForce RTX 3070,61 %,43 %,8192 MiB,7131 MiB,128.09 W,240.00 W,55
2023-01-21 12:45:38.390,NVIDIA GeForce RTX 3070,67 %,48 %,8192 MiB,7131 MiB,134.03 W,240.00 W,55
2023-01-21 12:45:39.391,NVIDIA GeForce RTX 3070,65 %,39 %,8192 MiB,7131 MiB,128.10 W,240.00 W,54
2023-01-21 12:45:40.392,NVIDIA GeForce RTX 3070,59 %,36 %,8192 MiB,7131 MiB,126.11 W,240.00 W,54
2023-01-21 12:45:41.393,NVIDIA GeForce RTX 3070,61 %,38 %,8192 MiB,7131 MiB,127.69 W,240.00 W,54
2023-01-21 12:45:42.393,NVIDIA GeForce RTX 3070,59 %,36 %,8192 MiB,7131 MiB,127.92 W,240.00 W,54
2023-01-21 12:45:43.394,NVIDIA GeForce RTX 3070,61 %,36 %,8192 MiB,7131 MiB,128.22 W,240.00 W,54
2023-01-21 12:45:44.395,NVIDIA GeForce RTX 3070,60 %,35 %,8192 MiB,7131 MiB,128.35 W,240.00 W,54
2023-01-21 12:45:45.396,NVIDIA GeForce RTX 3070,60 %,36 %,8192 MiB,7131 MiB,127.71 W,240.00 W,54
2023-01-21 12:45:46.396,NVIDIA GeForce RTX 3070,57 %,34 %,8192 MiB,7131 MiB,127.46 W,240.00 W,54
2023-01-21 12:45:47.397,NVIDIA GeForce RTX 3070,61 %,38 %,8192 MiB,7131 MiB,128.24 W,240.00 W,54
2023-01-21 12:45:48.398,NVIDIA GeForce RTX 3070,61 %,38 %,8192 MiB,7131 MiB,129.49 W,240.00 W,54
2023-01-21 12:45:49.399,NVIDIA GeForce RTX 3070,62 %,38 %,8192 MiB,7131 MiB,128.51 W,240.00 W,54
2023-01-21 12:45:50.400,NVIDIA GeForce RTX 3070,60 %,35 %,8192 MiB,7131 MiB,128.38 W,240.00 W,55
2023-01-21 12:45:51.401,NVIDIA GeForce RTX 3070,57 %,34 %,8192 MiB,7131 MiB,127.48 W,240.00 W,54
2023-01-21 12:45:52.402,NVIDIA GeForce RTX 3070,61 %,37 %,8192 MiB,7131 MiB,128.80 W,240.00 W,54
2023-01-21 12:45:53.403,NVIDIA GeForce RTX 3070,59 %,36 %,8192 MiB,7131 MiB,127.70 W,240.00 W,54
2023-01-21 12:45:54.403,NVIDIA GeForce RTX 3070,62 %,38 %,8192 MiB,7131 MiB,127.94 W,240.00 W,55
2023-01-21 12:45:55.404,NVIDIA GeForce RTX 3070,57 %,34 %,8192 MiB,7131 MiB,128.23 W,240.00 W,54
2023-01-21 12:45:56.405,NVIDIA GeForce RTX 3070,65 %,39 %,8192 MiB,7131 MiB,130.94 W,240.00 W,54
2023-01-21 12:45:57.406,NVIDIA GeForce RTX 3070,61 %,38 %,8192 MiB,7131 MiB,127.72 W,240.00 W,54
2023-01-21 12:45:58.406,NVIDIA GeForce RTX 3070,58 %,34 %,8192 MiB,7131 MiB,129.74 W,240.00 W,54
2023-01-21 12:45:59.407,NVIDIA GeForce RTX 3070,72 %,51 %,8192 MiB,7131 MiB,135.17 W,240.00 W,55
2023-01-21 12:46:00.408,NVIDIA GeForce RTX 3070,72 %,52 %,8192 MiB,7131 MiB,144.01 W,240.00 W,53
2023-01-21 12:46:01.409,NVIDIA GeForce RTX 3070,63 %,38 %,8192 MiB,7131 MiB,124.17 W,240.00 W,55
2023-01-21 12:46:02.410,NVIDIA GeForce RTX 3070,58 %,34 %,8192 MiB,7131 MiB,128.68 W,240.00 W,54
2023-01-21 12:46:03.410,NVIDIA GeForce RTX 3070,59 %,35 %,8192 MiB,7131 MiB,127.74 W,240.00 W,54
2023-01-21 12:46:04.411,NVIDIA GeForce RTX 3070,61 %,36 %,8192 MiB,7131 MiB,129.16 W,240.00 W,54
2023-01-21 12:46:05.412,NVIDIA GeForce RTX 3070,63 %,38 %,8192 MiB,7131 MiB,130.63 W,240.00 W,54
2023-01-21 12:46:06.413,NVIDIA GeForce RTX 3070,60 %,36 %,8192 MiB,7131 MiB,128.25 W,240.00 W,55
2023-01-21 12:46:07.414,NVIDIA GeForce RTX 3070,59 %,34 %,8192 MiB,7131 MiB,126.95 W,240.00 W,54
2023-01-21 12:46:08.415,NVIDIA GeForce RTX 3070,59 %,34 %,8192 MiB,7131 MiB,127.89 W,240.00 W,54
2023-01-21 12:46:09.416,NVIDIA GeForce RTX 3070,58 %,36 %,8192 MiB,7131 MiB,126.92 W,240.00 W,54
2023-01-21 12:46:10.417,NVIDIA GeForce RTX 3070,57 %,35 %,8192 MiB,7131 MiB,128.02 W,240.00 W,54
2023-01-21 12:46:11.418,NVIDIA GeForce RTX 3070,64 %,39 %,8192 MiB,7131 MiB,127.48 W,240.00 W,54
2023-01-21 12:46:12.419,NVIDIA GeForce RTX 3070,63 %,38 %,8192 MiB,7131 MiB,128.44 W,240.00 W,54
2023-01-21 12:46:13.420,NVIDIA GeForce RTX 3070,61 %,36 %,8192 MiB,7131 MiB,130.14 W,240.00 W,55
2023-01-21 12:46:14.421,NVIDIA GeForce RTX 3070,62 %,37 %,8192 MiB,7131 MiB,130.45 W,240.00 W,55
2023-01-21 12:46:15.422,NVIDIA GeForce RTX 3070,60 %,34 %,8192 MiB,7131 MiB,127.44 W,240.00 W,54
2023-01-21 12:46:16.423,NVIDIA GeForce RTX 3070,60 %,36 %,8192 MiB,7131 MiB,128.95 W,240.00 W,54
2023-01-21 12:46:17.424,NVIDIA GeForce RTX 3070,64 %,39 %,8192 MiB,7131 MiB,130.40 W,240.00 W,54
2023-01-21 12:46:18.425,NVIDIA GeForce RTX 3070,60 %,36 %,8192 MiB,7131 MiB,127.54 W,240.00 W,54
2023-01-21 12:46:19.426,NVIDIA GeForce RTX 3070,60 %,37 %,8192 MiB,7131 MiB,128.76 W,240.00 W,55
2023-01-21 12:46:20.427,NVIDIA GeForce RTX 3070,63 %,39 %,8192 MiB,7131 MiB,129.34 W,240.00 W,55
2023-01-21 12:46:21.428,NVIDIA GeForce RTX 3070,68 %,49 %,8192 MiB,7131 MiB,136.21 W,240.00 W,55
2023-01-21 12:46:22.429,NVIDIA GeForce RTX 3070,58 %,35 %,8192 MiB,7131 MiB,126.25 W,240.00 W,54
2023-01-21 12:46:23.430,NVIDIA GeForce RTX 3070,63 %,37 %,8192 MiB,7131 MiB,127.88 W,240.00 W,54
2023-01-21 12:46:24.432,NVIDIA GeForce RTX 3070,64 %,38 %,8192 MiB,7131 MiB,131.35 W,240.00 W,55
2023-01-21 12:46:25.433,NVIDIA GeForce RTX 3070,63 %,38 %,8192 MiB,7131 MiB,129.46 W,240.00 W,55
2023-01-21 12:46:26.434,NVIDIA GeForce RTX 3070,61 %,35 %,8192 MiB,7131 MiB,127.85 W,240.00 W,54
2023-01-21 12:46:27.435,NVIDIA GeForce RTX 3070,59 %,36 %,8192 MiB,7131 MiB,128.06 W,240.00 W,54
2023-01-21 12:46:28.436,NVIDIA GeForce RTX 3070,59 %,35 %,8192 MiB,7131 MiB,128.07 W,240.00 W,54
2023-01-21 12:46:29.437,NVIDIA GeForce RTX 3070,64 %,39 %,8192 MiB,7131 MiB,128.84 W,240.00 W,55
2023-01-21 12:46:30.438,NVIDIA GeForce RTX 3070,63 %,38 %,8192 MiB,7131 MiB,128.38 W,240.00 W,54
2023-01-21 12:46:31.439,NVIDIA GeForce RTX 3070,61 %,36 %,8192 MiB,7131 MiB,127.42 W,240.00 W,54
2023-01-21 12:46:32.440,NVIDIA GeForce RTX 3070,60 %,37 %,8192 MiB,7131 MiB,128.28 W,240.00 W,54
2023-01-21 12:46:33.441,NVIDIA GeForce RTX 3070,61 %,36 %,8192 MiB,7131 MiB,127.39 W,240.00 W,54
2023-01-21 12:46:34.442,NVIDIA GeForce RTX 3070,61 %,37 %,8192 MiB,7131 MiB,126.74 W,240.00 W,55
2023-01-21 12:46:35.443,NVIDIA GeForce RTX 3070,61 %,36 %,8192 MiB,7131 MiB,127.60 W,240.00 W,54
2023-01-21 12:46:36.444,NVIDIA GeForce RTX 3070,60 %,36 %,8192 MiB,7131 MiB,127.00 W,240.00 W,54
2023-01-21 12:46:37.446,NVIDIA GeForce RTX 3070,61 %,38 %,8192 MiB,7131 MiB,128.00 W,240.00 W,54
2023-01-21 12:46:38.447,NVIDIA GeForce RTX 3070,58 %,34 %,8192 MiB,7131 MiB,128.23 W,240.00 W,54
2023-01-21 12:46:39.448,NVIDIA GeForce RTX 3070,59 %,36 %,8192 MiB,7131 MiB,126.93 W,240.00 W,54
2023-01-21 12:46:40.449,NVIDIA GeForce RTX 3070,60 %,36 %,8192 MiB,7131 MiB,127.18 W,240.00 W,54
2023-01-21 12:46:41.450,NVIDIA GeForce RTX 3070,57 %,34 %,8192 MiB,7131 MiB,128.11 W,240.00 W,54
2023-01-21 12:46:42.452,NVIDIA GeForce RTX 3070,70 %,49 %,8192 MiB,7131 MiB,134.77 W,240.00 W,55
2023-01-21 12:46:43.453,NVIDIA GeForce RTX 3070,79 %,56 %,8192 MiB,7131 MiB,138.74 W,240.00 W,55
2023-01-21 12:46:44.454,NVIDIA GeForce RTX 3070,59 %,35 %,8192 MiB,7131 MiB,124.40 W,240.00 W,54
2023-01-21 12:46:45.455,NVIDIA GeForce RTX 3070,60 %,36 %,8192 MiB,7131 MiB,126.48 W,240.00 W,54
2023-01-21 12:46:46.456,NVIDIA GeForce RTX 3070,57 %,34 %,8192 MiB,7131 MiB,127.53 W,240.00 W,54
2023-01-21 12:46:47.457,NVIDIA GeForce RTX 3070,58 %,35 %,8192 MiB,7131 MiB,128.15 W,240.00 W,54
2023-01-21 12:46:48.459,NVIDIA GeForce RTX 3070,61 %,36 %,8192 MiB,7131 MiB,128.49 W,240.00 W,54
2023-01-21 12:46:49.460,NVIDIA GeForce RTX 3070,59 %,34 %,8192 MiB,7131 MiB,127.35 W,240.00 W,54
2023-01-21 12:46:50.461,NVIDIA GeForce RTX 3070,62 %,38 %,8192 MiB,7131 MiB,128.44 W,240.00 W,54
2023-01-21 12:46:51.463,NVIDIA GeForce RTX 3070,58 %,34 %,8192 MiB,7131 MiB,126.05 W,240.00 W,54
2023-01-21 12:46:52.464,NVIDIA GeForce RTX 3070,60 %,36 %,8192 MiB,7131 MiB,125.60 W,240.00 W,54
2023-01-21 12:46:53.466,NVIDIA GeForce RTX 3070,55 %,32 %,8192 MiB,7131 MiB,125.61 W,240.00 W,54
2023-01-21 12:46:54.467,NVIDIA GeForce RTX 3070,61 %,36 %,8192 MiB,7131 MiB,124.05 W,240.00 W,54
2023-01-21 12:46:55.468,NVIDIA GeForce RTX 3070,61 %,38 %,8192 MiB,7131 MiB,128.37 W,240.00 W,54
2023-01-21 12:46:56.470,NVIDIA GeForce RTX 3070,59 %,35 %,8192 MiB,7131 MiB,127.16 W,240.00 W,54
2023-01-21 12:46:57.471,NVIDIA GeForce RTX 3070,62 %,38 %,8192 MiB,7131 MiB,127.16 W,240.00 W,54
2023-01-21 12:46:58.472,NVIDIA GeForce RTX 3070,59 %,34 %,8192 MiB,7131 MiB,127.97 W,240.00 W,54
2023-01-21 12:46:59.474,NVIDIA GeForce RTX 3070,61 %,36 %,8192 MiB,7131 MiB,128.54 W,240.00 W,54
2023-01-21 12:47:00.475,NVIDIA GeForce RTX 3070,59 %,35 %,8192 MiB,7131 MiB,127.30 W,240.00 W,54
2023-01-21 12:47:01.476,NVIDIA GeForce RTX 3070,62 %,37 %,8192 MiB,7131 MiB,128.92 W,240.00 W,54
2023-01-21 12:47:02.478,NVIDIA GeForce RTX 3070,61 %,36 %,8192 MiB,7131 MiB,129.82 W,240.00 W,54
2023-01-21 12:47:03.480,NVIDIA GeForce RTX 3070,59 %,35 %,8192 MiB,7131 MiB,126.66 W,240.00 W,54
2023-01-21 12:47:04.481,NVIDIA GeForce RTX 3070,66 %,46 %,8192 MiB,7131 MiB,131.78 W,240.00 W,55
2023-01-21 12:47:05.482,NVIDIA GeForce RTX 3070,62 %,44 %,8192 MiB,7131 MiB,132.64 W,240.00 W,52
2023-01-21 12:47:06.484,NVIDIA GeForce RTX 3070,62 %,37 %,8192 MiB,7131 MiB,124.43 W,240.00 W,54
2023-01-21 12:47:07.485,NVIDIA GeForce RTX 3070,57 %,34 %,8192 MiB,7131 MiB,126.20 W,240.00 W,55
2023-01-21 12:47:08.486,NVIDIA GeForce RTX 3070,61 %,37 %,8192 MiB,7131 MiB,126.28 W,240.00 W,54
2023-01-21 12:47:09.488,NVIDIA GeForce RTX 3070,58 %,35 %,8192 MiB,7131 MiB,127.00 W,240.00 W,54
2023-01-21 12:47:10.489,NVIDIA GeForce RTX 3070,58 %,35 %,8192 MiB,7131 MiB,126.81 W,240.00 W,54
2023-01-21 12:47:11.490,NVIDIA GeForce RTX 3070,57 %,34 %,8192 MiB,7131 MiB,127.92 W,240.00 W,54
2023-01-21 12:47:12.492,NVIDIA GeForce RTX 3070,59 %,35 %,8192 MiB,7131 MiB,127.32 W,240.00 W,54
2023-01-21 12:47:13.493,NVIDIA GeForce RTX 3070,61 %,36 %,8192 MiB,7131 MiB,127.27 W,240.00 W,54
2023-01-21 12:47:14.495,NVIDIA GeForce RTX 3070,58 %,34 %,8192 MiB,7131 MiB,127.17 W,240.00 W,54
2023-01-21 12:47:15.497,NVIDIA GeForce RTX 3070,61 %,38 %,8192 MiB,7131 MiB,126.70 W,240.00 W,54
2023-01-21 12:47:16.498,NVIDIA GeForce RTX 3070,59 %,34 %,8192 MiB,7131 MiB,126.04 W,240.00 W,54
2023-01-21 12:47:17.500,NVIDIA GeForce RTX 3070,57 %,34 %,8192 MiB,7131 MiB,126.51 W,240.00 W,54
2023-01-21 12:47:18.501,NVIDIA GeForce RTX 3070,60 %,37 %,8192 MiB,7131 MiB,127.01 W,240.00 W,54
2023-01-21 12:47:19.502,NVIDIA GeForce RTX 3070,58 %,35 %,8192 MiB,7131 MiB,126.87 W,240.00 W,54
2023-01-21 12:47:20.502,NVIDIA GeForce RTX 3070,62 %,36 %,8192 MiB,7131 MiB,126.09 W,240.00 W,54
2023-01-21 12:47:21.503,NVIDIA GeForce RTX 3070,62 %,36 %,8192 MiB,7131 MiB,128.59 W,240.00 W,54
2023-01-21 12:47:22.504,NVIDIA GeForce RTX 3070,58 %,35 %,8192 MiB,7131 MiB,128.16 W,240.00 W,54
2023-01-21 12:47:23.505,NVIDIA GeForce RTX 3070,59 %,35 %,8192 MiB,7131 MiB,128.29 W,240.00 W,54
2023-01-21 12:47:24.505,NVIDIA GeForce RTX 3070,59 %,35 %,8192 MiB,7131 MiB,127.55 W,240.00 W,54
2023-01-21 12:47:25.506,NVIDIA GeForce RTX 3070,59 %,35 %,8192 MiB,7131 MiB,127.47 W,240.00 W,54
2023-01-21 12:47:26.507,NVIDIA GeForce RTX 3070,68 %,48 %,8192 MiB,7131 MiB,135.07 W,240.00 W,55
2023-01-21 12:47:27.507,NVIDIA GeForce RTX 3070,23 %,14 %,8192 MiB,7131 MiB,130.42 W,240.00 W,54
2023-01-21 12:47:28.508,NVIDIA GeForce RTX 3070,61 %,36 %,8192 MiB,7131 MiB,127.70 W,240.00 W,54
2023-01-21 12:47:29.513,NVIDIA GeForce RTX 3070,60 %,36 %,8192 MiB,7131 MiB,127.42 W,240.00 W,54
2023-01-21 12:47:30.513,NVIDIA GeForce RTX 3070,64 %,38 %,8192 MiB,7131 MiB,127.89 W,240.00 W,54
2023-01-21 12:47:31.514,NVIDIA GeForce RTX 3070,61 %,37 %,8192 MiB,7131 MiB,128.38 W,240.00 W,54
2023-01-21 12:47:32.515,NVIDIA GeForce RTX 3070,61 %,36 %,8192 MiB,7131 MiB,127.61 W,240.00 W,54
2023-01-21 12:47:33.515,NVIDIA GeForce RTX 3070,60 %,37 %,8192 MiB,7131 MiB,127.87 W,240.00 W,54
2023-01-21 12:47:34.516,NVIDIA GeForce RTX 3070,62 %,37 %,8192 MiB,7131 MiB,127.91 W,240.00 W,54
2023-01-21 12:47:35.517,NVIDIA GeForce RTX 3070,59 %,36 %,8192 MiB,7131 MiB,128.03 W,240.00 W,54
2023-01-21 12:47:36.518,NVIDIA GeForce RTX 3070,60 %,36 %,8192 MiB,7131 MiB,128.37 W,240.00 W,54
2023-01-21 12:47:37.518,NVIDIA GeForce RTX 3070,60 %,38 %,8192 MiB,7131 MiB,127.38 W,240.00 W,54
2023-01-21 12:47:38.519,NVIDIA GeForce RTX 3070,61 %,37 %,8192 MiB,7131 MiB,128.38 W,240.00 W,54
2023-01-21 12:47:39.520,NVIDIA GeForce RTX 3070,60 %,35 %,8192 MiB,7131 MiB,127.81 W,240.00 W,54
2023-01-21 12:47:40.520,NVIDIA GeForce RTX 3070,62 %,38 %,8192 MiB,7131 MiB,128.43 W,240.00 W,54
2023-01-21 12:47:41.521,NVIDIA GeForce RTX 3070,63 %,38 %,8192 MiB,7131 MiB,127.95 W,240.00 W,54
2023-01-21 12:47:42.522,NVIDIA GeForce RTX 3070,60 %,36 %,8192 MiB,7131 MiB,128.58 W,240.00 W,54
2023-01-21 12:47:43.523,NVIDIA GeForce RTX 3070,58 %,34 %,8192 MiB,7131 MiB,127.56 W,240.00 W,54
2023-01-21 12:47:44.524,NVIDIA GeForce RTX 3070,62 %,36 %,8192 MiB,7131 MiB,126.33 W,240.00 W,54
2023-01-21 12:47:45.525,NVIDIA GeForce RTX 3070,59 %,36 %,8192 MiB,7131 MiB,127.79 W,240.00 W,54
2023-01-21 12:47:46.526,NVIDIA GeForce RTX 3070,59 %,36 %,8192 MiB,7131 MiB,126.61 W,240.00 W,54
2023-01-21 12:47:47.527,NVIDIA GeForce RTX 3070,60 %,42 %,8192 MiB,7131 MiB,128.84 W,240.00 W,54
2023-01-21 12:47:48.528,NVIDIA GeForce RTX 3070,59 %,42 %,8192 MiB,7131 MiB,129.39 W,240.00 W,54
2023-01-21 12:47:49.529,NVIDIA GeForce RTX 3070,61 %,36 %,8192 MiB,7131 MiB,125.04 W,240.00 W,54
2023-01-21 12:47:50.530,NVIDIA GeForce RTX 3070,61 %,37 %,8192 MiB,7131 MiB,128.71 W,240.00 W,54
2023-01-21 12:47:51.531,NVIDIA GeForce RTX 3070,59 %,36 %,8192 MiB,7131 MiB,127.92 W,240.00 W,54
2023-01-21 12:47:52.532,NVIDIA GeForce RTX 3070,61 %,37 %,8192 MiB,7131 MiB,127.63 W,240.00 W,54
2023-01-21 12:47:53.533,NVIDIA GeForce RTX 3070,66 %,39 %,8192 MiB,7131 MiB,129.72 W,240.00 W,54
2023-01-21 12:47:54.533,NVIDIA GeForce RTX 3070,60 %,36 %,8192 MiB,7131 MiB,129.57 W,240.00 W,54
2023-01-21 12:47:55.534,NVIDIA GeForce RTX 3070,60 %,36 %,8192 MiB,7131 MiB,126.06 W,240.00 W,54
2023-01-21 12:47:56.535,NVIDIA GeForce RTX 3070,64 %,38 %,8192 MiB,7131 MiB,127.29 W,240.00 W,54
2023-01-21 12:47:57.536,NVIDIA GeForce RTX 3070,61 %,37 %,8192 MiB,7131 MiB,128.05 W,240.00 W,54
2023-01-21 12:47:58.537,NVIDIA GeForce RTX 3070,59 %,36 %,8192 MiB,7131 MiB,126.95 W,240.00 W,54
2023-01-21 12:47:59.538,NVIDIA GeForce RTX 3070,56 %,34 %,8192 MiB,7131 MiB,126.39 W,240.00 W,54
2023-01-21 12:48:00.539,NVIDIA GeForce RTX 3070,64 %,39 %,8192 MiB,7131 MiB,127.70 W,240.00 W,54
2023-01-21 12:48:01.540,NVIDIA GeForce RTX 3070,62 %,37 %,8192 MiB,7131 MiB,128.24 W,240.00 W,54
2023-01-21 12:48:02.542,NVIDIA GeForce RTX 3070,62 %,37 %,8192 MiB,7131 MiB,129.33 W,240.00 W,54
2023-01-21 12:48:03.543,NVIDIA GeForce RTX 3070,56 %,34 %,8192 MiB,7131 MiB,126.61 W,240.00 W,54
2023-01-21 12:48:04.544,NVIDIA GeForce RTX 3070,59 %,36 %,8192 MiB,7131 MiB,128.04 W,240.00 W,54
2023-01-21 12:48:05.545,NVIDIA GeForce RTX 3070,60 %,37 %,8192 MiB,7131 MiB,127.29 W,240.00 W,54
2023-01-21 12:48:06.546,NVIDIA GeForce RTX 3070,63 %,38 %,8192 MiB,7131 MiB,128.30 W,240.00 W,54
2023-01-21 12:48:07.547,NVIDIA GeForce RTX 3070,62 %,37 %,8192 MiB,7131 MiB,130.92 W,240.00 W,54
2023-01-21 12:48:08.548,NVIDIA GeForce RTX 3070,57 %,35 %,8192 MiB,7131 MiB,129.54 W,240.00 W,54
2023-01-21 12:48:09.549,NVIDIA GeForce RTX 3070,70 %,49 %,8192 MiB,7131 MiB,134.81 W,240.00 W,55
2023-01-21 12:48:10.550,NVIDIA GeForce RTX 3070,46 %,33 %,8192 MiB,7131 MiB,135.74 W,240.00 W,53
2023-01-21 12:48:11.551,NVIDIA GeForce RTX 3070,62 %,38 %,8192 MiB,7131 MiB,124.67 W,240.00 W,54
2023-01-21 12:48:12.552,NVIDIA GeForce RTX 3070,58 %,34 %,8192 MiB,7131 MiB,128.25 W,240.00 W,54
2023-01-21 12:48:13.553,NVIDIA GeForce RTX 3070,60 %,36 %,8192 MiB,7131 MiB,126.49 W,240.00 W,54
2023-01-21 12:48:14.555,NVIDIA GeForce RTX 3070,61 %,36 %,8192 MiB,7131 MiB,127.46 W,240.00 W,54
2023-01-21 12:48:15.556,NVIDIA GeForce RTX 3070,63 %,38 %,8192 MiB,7131 MiB,129.14 W,240.00 W,54
2023-01-21 12:48:16.557,NVIDIA GeForce RTX 3070,59 %,36 %,8192 MiB,7131 MiB,126.93 W,240.00 W,54
2023-01-21 12:48:17.558,NVIDIA GeForce RTX 3070,60 %,37 %,8192 MiB,7131 MiB,127.34 W,240.00 W,54
2023-01-21 12:48:18.560,NVIDIA GeForce RTX 3070,61 %,36 %,8192 MiB,7131 MiB,126.18 W,240.00 W,54
2023-01-21 12:48:19.561,NVIDIA GeForce RTX 3070,61 %,37 %,8192 MiB,7131 MiB,128.32 W,240.00 W,54
2023-01-21 12:48:20.562,NVIDIA GeForce RTX 3070,57 %,34 %,8192 MiB,7131 MiB,127.24 W,240.00 W,54
2023-01-21 12:48:21.563,NVIDIA GeForce RTX 3070,61 %,38 %,8192 MiB,7131 MiB,127.25 W,240.00 W,54
2023-01-21 12:48:22.564,NVIDIA GeForce RTX 3070,59 %,36 %,8192 MiB,7131 MiB,126.67 W,240.00 W,54
2023-01-21 12:48:23.565,NVIDIA GeForce RTX 3070,59 %,35 %,8192 MiB,7131 MiB,126.55 W,240.00 W,54
2023-01-21 12:48:24.567,NVIDIA GeForce RTX 3070,61 %,37 %,8192 MiB,7131 MiB,126.97 W,240.00 W,54
2023-01-21 12:48:25.568,NVIDIA GeForce RTX 3070,65 %,39 %,8192 MiB,7131 MiB,128.94 W,240.00 W,54
2023-01-21 12:48:26.569,NVIDIA GeForce RTX 3070,62 %,36 %,8192 MiB,7131 MiB,128.51 W,240.00 W,54
2023-01-21 12:48:27.571,NVIDIA GeForce RTX 3070,60 %,35 %,8192 MiB,7131 MiB,127.58 W,240.00 W,54
2023-01-21 12:48:28.572,NVIDIA GeForce RTX 3070,58 %,34 %,8192 MiB,7131 MiB,125.54 W,240.00 W,54
2023-01-21 12:48:29.574,NVIDIA GeForce RTX 3070,61 %,37 %,8192 MiB,7131 MiB,129.47 W,240.00 W,54
2023-01-21 12:48:30.575,NVIDIA GeForce RTX 3070,59 %,36 %,8192 MiB,7131 MiB,129.05 W,240.00 W,55
2023-01-21 12:48:31.576,NVIDIA GeForce RTX 3070,67 %,48 %,8192 MiB,7131 MiB,136.05 W,240.00 W,55
2023-01-21 12:48:32.577,NVIDIA GeForce RTX 3070,58 %,34 %,8192 MiB,7131 MiB,130.23 W,240.00 W,54
2023-01-21 12:48:33.578,NVIDIA GeForce RTX 3070,61 %,37 %,8192 MiB,7131 MiB,127.90 W,240.00 W,54
2023-01-21 12:48:34.580,NVIDIA GeForce RTX 3070,62 %,38 %,8192 MiB,7131 MiB,127.68 W,240.00 W,54
2023-01-21 12:48:35.581,NVIDIA GeForce RTX 3070,62 %,38 %,8192 MiB,7131 MiB,130.18 W,240.00 W,54
2023-01-21 12:48:36.582,NVIDIA GeForce RTX 3070,60 %,36 %,8192 MiB,7131 MiB,128.01 W,240.00 W,54
2023-01-21 12:48:37.583,NVIDIA GeForce RTX 3070,65 %,39 %,8192 MiB,7131 MiB,128.24 W,240.00 W,54
2023-01-21 12:48:38.585,NVIDIA GeForce RTX 3070,59 %,36 %,8192 MiB,7131 MiB,128.34 W,240.00 W,54
2023-01-21 12:48:39.586,NVIDIA GeForce RTX 3070,62 %,36 %,8192 MiB,7131 MiB,128.54 W,240.00 W,55
2023-01-21 12:48:40.588,NVIDIA GeForce RTX 3070,63 %,38 %,8192 MiB,7131 MiB,129.01 W,240.00 W,54
2023-01-21 12:48:41.590,NVIDIA GeForce RTX 3070,60 %,35 %,8192 MiB,7131 MiB,125.30 W,240.00 W,54
2023-01-21 12:48:42.591,NVIDIA GeForce RTX 3070,59 %,35 %,8192 MiB,7131 MiB,128.96 W,240.00 W,54
2023-01-21 12:48:43.592,NVIDIA GeForce RTX 3070,59 %,36 %,8192 MiB,7131 MiB,126.31 W,240.00 W,54
2023-01-21 12:48:44.594,NVIDIA GeForce RTX 3070,55 %,33 %,8192 MiB,7131 MiB,124.95 W,240.00 W,54
2023-01-21 12:48:45.595,NVIDIA GeForce RTX 3070,65 %,39 %,8192 MiB,7131 MiB,128.76 W,240.00 W,54
2023-01-21 12:48:46.597,NVIDIA GeForce RTX 3070,57 %,34 %,8192 MiB,7131 MiB,127.67 W,240.00 W,54
2023-01-21 12:48:47.598,NVIDIA GeForce RTX 3070,64 %,38 %,8192 MiB,7131 MiB,127.90 W,240.00 W,54
2023-01-21 12:48:48.599,NVIDIA GeForce RTX 3070,63 %,38 %,8192 MiB,7131 MiB,129.60 W,240.00 W,54
2023-01-21 12:48:49.601,NVIDIA GeForce RTX 3070,62 %,37 %,8192 MiB,7131 MiB,127.75 W,240.00 W,54
2023-01-21 12:48:50.602,NVIDIA GeForce RTX 3070,60 %,36 %,8192 MiB,7131 MiB,126.83 W,240.00 W,54
2023-01-21 12:48:51.604,NVIDIA GeForce RTX 3070,60 %,36 %,8192 MiB,7131 MiB,127.05 W,240.00 W,54
2023-01-21 12:48:52.606,NVIDIA GeForce RTX 3070,61 %,43 %,8192 MiB,7131 MiB,129.79 W,240.00 W,55
2023-01-21 12:48:53.607,NVIDIA GeForce RTX 3070,70 %,50 %,8192 MiB,7131 MiB,137.80 W,240.00 W,55
2023-01-21 12:48:54.609,NVIDIA GeForce RTX 3070,61 %,37 %,8192 MiB,7131 MiB,127.03 W,240.00 W,54
2023-01-21 12:48:55.610,NVIDIA GeForce RTX 3070,58 %,36 %,8192 MiB,7131 MiB,125.35 W,240.00 W,54
2023-01-21 12:48:56.612,NVIDIA GeForce RTX 3070,60 %,37 %,8192 MiB,7131 MiB,125.89 W,240.00 W,54
2023-01-21 12:48:57.613,NVIDIA GeForce RTX 3070,61 %,37 %,8192 MiB,7131 MiB,128.30 W,240.00 W,54
2023-01-21 12:48:58.615,NVIDIA GeForce RTX 3070,59 %,34 %,8192 MiB,7131 MiB,126.71 W,240.00 W,54
2023-01-21 12:48:59.615,NVIDIA GeForce RTX 3070,58 %,34 %,8192 MiB,7131 MiB,127.46 W,240.00 W,54
2023-01-21 12:49:00.616,NVIDIA GeForce RTX 3070,60 %,36 %,8192 MiB,7131 MiB,127.32 W,240.00 W,54
2023-01-21 12:49:01.617,NVIDIA GeForce RTX 3070,62 %,37 %,8192 MiB,7131 MiB,127.33 W,240.00 W,54
2023-01-21 12:49:02.617,NVIDIA GeForce RTX 3070,60 %,34 %,8192 MiB,7131 MiB,128.28 W,240.00 W,54
2023-01-21 12:49:03.618,NVIDIA GeForce RTX 3070,58 %,35 %,8192 MiB,7131 MiB,126.97 W,240.00 W,54
2023-01-21 12:49:04.619,NVIDIA GeForce RTX 3070,60 %,37 %,8192 MiB,7131 MiB,127.88 W,240.00 W,54
2023-01-21 12:49:05.620,NVIDIA GeForce RTX 3070,61 %,36 %,8192 MiB,7131 MiB,127.29 W,240.00 W,54
2023-01-21 12:49:06.621,NVIDIA GeForce RTX 3070,65 %,39 %,8192 MiB,7131 MiB,127.84 W,240.00 W,54
2023-01-21 12:49:07.621,NVIDIA GeForce RTX 3070,61 %,36 %,8192 MiB,7131 MiB,128.33 W,240.00 W,54
2023-01-21 12:49:08.622,NVIDIA GeForce RTX 3070,57 %,34 %,8192 MiB,7131 MiB,125.79 W,240.00 W,54
2023-01-21 12:49:09.623,NVIDIA GeForce RTX 3070,61 %,37 %,8192 MiB,7131 MiB,129.54 W,240.00 W,54
2023-01-21 12:49:10.624,NVIDIA GeForce RTX 3070,61 %,36 %,8192 MiB,7131 MiB,127.92 W,240.00 W,54
2023-01-21 12:49:11.624,NVIDIA GeForce RTX 3070,61 %,37 %,8192 MiB,7131 MiB,127.94 W,240.00 W,54
2023-01-21 12:49:12.625,NVIDIA GeForce RTX 3070,62 %,37 %,8192 MiB,7131 MiB,127.97 W,240.00 W,54
2023-01-21 12:49:13.626,NVIDIA GeForce RTX 3070,59 %,36 %,8192 MiB,7131 MiB,126.51 W,240.00 W,54
2023-01-21 12:49:14.627,NVIDIA GeForce RTX 3070,71 %,50 %,8192 MiB,7131 MiB,133.77 W,240.00 W,55
2023-01-21 12:49:15.628,NVIDIA GeForce RTX 3070,68 %,49 %,8192 MiB,7131 MiB,139.17 W,240.00 W,52
2023-01-21 12:49:16.628,NVIDIA GeForce RTX 3070,60 %,35 %,8192 MiB,7131 MiB,121.26 W,240.00 W,54
2023-01-21 12:49:17.629,NVIDIA GeForce RTX 3070,61 %,37 %,8192 MiB,7131 MiB,128.90 W,240.00 W,54
2023-01-21 12:49:18.630,NVIDIA GeForce RTX 3070,60 %,37 %,8192 MiB,7131 MiB,127.88 W,240.00 W,54
2023-01-21 12:49:19.631,NVIDIA GeForce RTX 3070,63 %,38 %,8192 MiB,7131 MiB,127.90 W,240.00 W,54
2023-01-21 12:49:20.632,NVIDIA GeForce RTX 3070,63 %,38 %,8192 MiB,7131 MiB,128.94 W,240.00 W,54
2023-01-21 12:49:21.632,NVIDIA GeForce RTX 3070,60 %,37 %,8192 MiB,7131 MiB,127.91 W,240.00 W,54
2023-01-21 12:49:22.633,NVIDIA GeForce RTX 3070,61 %,38 %,8192 MiB,7131 MiB,128.91 W,240.00 W,54
2023-01-21 12:49:23.635,NVIDIA GeForce RTX 3070,62 %,38 %,8192 MiB,7131 MiB,127.44 W,240.00 W,54
2023-01-21 12:49:24.635,NVIDIA GeForce RTX 3070,59 %,36 %,8192 MiB,7131 MiB,127.85 W,240.00 W,54
2023-01-21 12:49:25.636,NVIDIA GeForce RTX 3070,58 %,35 %,8192 MiB,7131 MiB,128.11 W,240.00 W,54
2023-01-21 12:49:26.637,NVIDIA GeForce RTX 3070,61 %,36 %,8192 MiB,7131 MiB,127.62 W,240.00 W,54
2023-01-21 12:49:27.638,NVIDIA GeForce RTX 3070,58 %,34 %,8192 MiB,7131 MiB,125.82 W,240.00 W,54
2023-01-21 12:49:28.639,NVIDIA GeForce RTX 3070,59 %,34 %,8192 MiB,7131 MiB,127.74 W,240.00 W,54
2023-01-21 12:49:29.640,NVIDIA GeForce RTX 3070,65 %,39 %,8192 MiB,7131 MiB,129.21 W,240.00 W,55
2023-01-21 12:49:30.640,NVIDIA GeForce RTX 3070,60 %,36 %,8192 MiB,7131 MiB,127.76 W,240.00 W,54
2023-01-21 12:49:31.641,NVIDIA GeForce RTX 3070,61 %,36 %,8192 MiB,7131 MiB,126.29 W,240.00 W,54
2023-01-21 12:49:32.642,NVIDIA GeForce RTX 3070,57 %,34 %,8192 MiB,7131 MiB,126.38 W,240.00 W,54
2023-01-21 12:49:33.643,NVIDIA GeForce RTX 3070,60 %,36 %,8192 MiB,7131 MiB,128.95 W,240.00 W,54
2023-01-21 12:49:34.644,NVIDIA GeForce RTX 3070,63 %,39 %,8192 MiB,7131 MiB,129.40 W,240.00 W,54
2023-01-21 12:49:35.645,NVIDIA GeForce RTX 3070,61 %,37 %,8192 MiB,7131 MiB,126.91 W,240.00 W,54
2023-01-21 12:49:36.646,NVIDIA GeForce RTX 3070,60 %,42 %,8192 MiB,7131 MiB,132.74 W,240.00 W,55
2023-01-21 12:49:37.647,NVIDIA GeForce RTX 3070,38 %,22 %,8192 MiB,7131 MiB,132.04 W,240.00 W,54
2023-01-21 12:49:38.648,NVIDIA GeForce RTX 3070,60 %,36 %,8192 MiB,7131 MiB,128.41 W,240.00 W,54
2023-01-21 12:49:39.649,NVIDIA GeForce RTX 3070,60 %,36 %,8192 MiB,7131 MiB,127.87 W,240.00 W,54
2023-01-21 12:49:40.650,NVIDIA GeForce RTX 3070,62 %,37 %,8192 MiB,7131 MiB,128.04 W,240.00 W,55
2023-01-21 12:49:41.651,NVIDIA GeForce RTX 3070,59 %,34 %,8192 MiB,7131 MiB,129.61 W,240.00 W,54
2023-01-21 12:49:42.652,NVIDIA GeForce RTX 3070,58 %,34 %,8192 MiB,7131 MiB,127.88 W,240.00 W,54
2023-01-21 12:49:43.653,NVIDIA GeForce RTX 3070,63 %,38 %,8192 MiB,7131 MiB,128.58 W,240.00 W,54
2023-01-21 12:49:44.654,NVIDIA GeForce RTX 3070,70 %,42 %,8192 MiB,7131 MiB,130.06 W,240.00 W,55
2023-01-21 12:49:45.655,NVIDIA GeForce RTX 3070,63 %,37 %,8192 MiB,7131 MiB,129.73 W,240.00 W,54
2023-01-21 12:49:46.656,NVIDIA GeForce RTX 3070,63 %,37 %,8192 MiB,7131 MiB,128.99 W,240.00 W,54
2023-01-21 12:49:47.657,NVIDIA GeForce RTX 3070,61 %,36 %,8192 MiB,7131 MiB,129.88 W,240.00 W,55
2023-01-21 12:49:48.658,NVIDIA GeForce RTX 3070,61 %,37 %,8192 MiB,7131 MiB,127.86 W,240.00 W,54
2023-01-21 12:49:49.660,NVIDIA GeForce RTX 3070,59 %,35 %,8192 MiB,7131 MiB,128.38 W,240.00 W,54
2023-01-21 12:49:50.661,NVIDIA GeForce RTX 3070,59 %,36 %,8192 MiB,7131 MiB,127.20 W,240.00 W,54
2023-01-21 12:49:51.662,NVIDIA GeForce RTX 3070,61 %,38 %,8192 MiB,7131 MiB,129.10 W,240.00 W,54
2023-01-21 12:49:52.663,NVIDIA GeForce RTX 3070,62 %,37 %,8192 MiB,7131 MiB,129.27 W,240.00 W,54
2023-01-21 12:49:53.667,NVIDIA GeForce RTX 3070,60 %,35 %,8192 MiB,7131 MiB,128.15 W,240.00 W,54
2023-01-21 12:49:54.668,NVIDIA GeForce RTX 3070,58 %,34 %,8192 MiB,7131 MiB,127.30 W,240.00 W,54
2023-01-21 12:49:55.670,NVIDIA GeForce RTX 3070,65 %,40 %,8192 MiB,7131 MiB,128.29 W,240.00 W,54
2023-01-21 12:49:56.671,NVIDIA GeForce RTX 3070,63 %,38 %,8192 MiB,7131 MiB,129.79 W,240.00 W,55
2023-01-21 12:49:57.672,NVIDIA GeForce RTX 3070,71 %,50 %,8192 MiB,7131 MiB,136.80 W,240.00 W,55
2023-01-21 12:49:58.673,NVIDIA GeForce RTX 3070,35 %,25 %,8192 MiB,7131 MiB,135.26 W,240.00 W,52
2023-01-21 12:49:59.674,NVIDIA GeForce RTX 3070,64 %,38 %,8192 MiB,7131 MiB,124.93 W,240.00 W,55
2023-01-21 12:50:00.675,NVIDIA GeForce RTX 3070,61 %,37 %,8192 MiB,7131 MiB,128.83 W,240.00 W,54
2023-01-21 12:50:01.676,NVIDIA GeForce RTX 3070,63 %,38 %,8192 MiB,7131 MiB,129.26 W,240.00 W,55
2023-01-21 12:50:02.677,NVIDIA GeForce RTX 3070,59 %,35 %,8192 MiB,7131 MiB,128.66 W,240.00 W,54
2023-01-21 12:50:03.679,NVIDIA GeForce RTX 3070,58 %,35 %,8192 MiB,7131 MiB,127.57 W,240.00 W,54
2023-01-21 12:50:04.680,NVIDIA GeForce RTX 3070,63 %,38 %,8192 MiB,7131 MiB,128.04 W,240.00 W,54
2023-01-21 12:50:05.682,NVIDIA GeForce RTX 3070,58 %,36 %,8192 MiB,7131 MiB,125.36 W,240.00 W,54
2023-01-21 12:50:06.683,NVIDIA GeForce RTX 3070,59 %,35 %,8192 MiB,7131 MiB,126.03 W,240.00 W,54
2023-01-21 12:50:07.684,NVIDIA GeForce RTX 3070,56 %,34 %,8192 MiB,7131 MiB,127.57 W,240.00 W,54
2023-01-21 12:50:08.685,NVIDIA GeForce RTX 3070,63 %,38 %,8192 MiB,7131 MiB,128.48 W,240.00 W,54
2023-01-21 12:50:09.687,NVIDIA GeForce RTX 3070,60 %,37 %,8192 MiB,7131 MiB,125.89 W,240.00 W,54
2023-01-21 12:50:10.688,NVIDIA GeForce RTX 3070,59 %,34 %,8192 MiB,7131 MiB,128.37 W,240.00 W,54
2023-01-21 12:50:11.689,NVIDIA GeForce RTX 3070,60 %,36 %,8192 MiB,7131 MiB,129.19 W,240.00 W,54
2023-01-21 12:50:12.690,NVIDIA GeForce RTX 3070,59 %,35 %,8192 MiB,7131 MiB,126.94 W,240.00 W,54
2023-01-21 12:50:13.692,NVIDIA GeForce RTX 3070,61 %,37 %,8192 MiB,7131 MiB,128.93 W,240.00 W,54
2023-01-21 12:50:14.693,NVIDIA GeForce RTX 3070,58 %,35 %,8192 MiB,7131 MiB,125.50 W,240.00 W,54
2023-01-21 12:50:15.694,NVIDIA GeForce RTX 3070,57 %,34 %,8192 MiB,7131 MiB,126.42 W,240.00 W,54
2023-01-21 12:50:16.695,NVIDIA GeForce RTX 3070,61 %,36 %,8192 MiB,7131 MiB,126.71 W,240.00 W,54
2023-01-21 12:50:17.697,NVIDIA GeForce RTX 3070,62 %,37 %,8192 MiB,7131 MiB,129.03 W,240.00 W,54
2023-01-21 12:50:18.699,NVIDIA GeForce RTX 3070,63 %,41 %,8192 MiB,7131 MiB,128.92 W,240.00 W,54
2023-01-21 12:50:19.700,NVIDIA GeForce RTX 3070,70 %,50 %,8192 MiB,7131 MiB,135.61 W,240.00 W,55
2023-01-21 12:50:20.701,NVIDIA GeForce RTX 3070,62 %,38 %,8192 MiB,7131 MiB,127.73 W,240.00 W,54
2023-01-21 12:50:21.703,NVIDIA GeForce RTX 3070,63 %,38 %,8192 MiB,7131 MiB,127.02 W,240.00 W,54
2023-01-21 12:50:22.704,NVIDIA GeForce RTX 3070,60 %,36 %,8192 MiB,7131 MiB,128.37 W,240.00 W,54
2023-01-21 12:50:23.705,NVIDIA GeForce RTX 3070,61 %,36 %,8192 MiB,7131 MiB,129.13 W,240.00 W,54
2023-01-21 12:50:24.706,NVIDIA GeForce RTX 3070,58 %,36 %,8192 MiB,7131 MiB,127.38 W,240.00 W,54
2023-01-21 12:50:25.708,NVIDIA GeForce RTX 3070,60 %,35 %,8192 MiB,7131 MiB,127.76 W,240.00 W,54
2023-01-21 12:50:26.709,NVIDIA GeForce RTX 3070,59 %,35 %,8192 MiB,7131 MiB,127.17 W,240.00 W,54
2023-01-21 12:50:27.711,NVIDIA GeForce RTX 3070,58 %,34 %,8192 MiB,7131 MiB,124.06 W,240.00 W,54
2023-01-21 12:50:28.712,NVIDIA GeForce RTX 3070,58 %,34 %,8192 MiB,7131 MiB,125.73 W,240.00 W,54
2023-01-21 12:50:29.714,NVIDIA GeForce RTX 3070,57 %,34 %,8192 MiB,7131 MiB,127.66 W,240.00 W,54
2023-01-21 12:50:30.716,NVIDIA GeForce RTX 3070,58 %,35 %,8192 MiB,7131 MiB,127.54 W,240.00 W,54
2023-01-21 12:50:31.717,NVIDIA GeForce RTX 3070,61 %,37 %,8192 MiB,7131 MiB,128.76 W,240.00 W,54
2023-01-21 12:50:32.718,NVIDIA GeForce RTX 3070,63 %,38 %,8192 MiB,7131 MiB,127.59 W,240.00 W,54
2023-01-21 12:50:33.720,NVIDIA GeForce RTX 3070,60 %,36 %,8192 MiB,7131 MiB,127.79 W,240.00 W,55
2023-01-21 12:50:34.721,NVIDIA GeForce RTX 3070,60 %,35 %,8192 MiB,7131 MiB,129.72 W,240.00 W,54
2023-01-21 12:50:35.722,NVIDIA GeForce RTX 3070,61 %,37 %,8192 MiB,7131 MiB,127.55 W,240.00 W,54
2023-01-21 12:50:36.724,NVIDIA GeForce RTX 3070,64 %,38 %,8192 MiB,7131 MiB,130.19 W,240.00 W,54
2023-01-21 12:50:37.725,NVIDIA GeForce RTX 3070,64 %,38 %,8192 MiB,7131 MiB,127.93 W,240.00 W,54
2023-01-21 12:50:38.727,NVIDIA GeForce RTX 3070,61 %,36 %,8192 MiB,7131 MiB,129.35 W,240.00 W,54
2023-01-21 12:50:39.727,NVIDIA GeForce RTX 3070,61 %,36 %,8192 MiB,7131 MiB,128.94 W,240.00 W,54
2023-01-21 12:50:40.728,NVIDIA GeForce RTX 3070,70 %,49 %,8192 MiB,7131 MiB,133.61 W,240.00 W,55
2023-01-21 12:50:41.729,NVIDIA GeForce RTX 3070,74 %,53 %,8192 MiB,7131 MiB,140.20 W,240.00 W,56
2023-01-21 12:50:42.730,NVIDIA GeForce RTX 3070,62 %,38 %,8192 MiB,7131 MiB,129.85 W,240.00 W,55
2023-01-21 12:50:43.731,NVIDIA GeForce RTX 3070,61 %,36 %,8192 MiB,7131 MiB,129.46 W,240.00 W,54
2023-01-21 12:50:44.731,NVIDIA GeForce RTX 3070,59 %,36 %,8192 MiB,7131 MiB,127.10 W,240.00 W,54
2023-01-21 12:50:45.732,NVIDIA GeForce RTX 3070,56 %,34 %,8192 MiB,7131 MiB,126.21 W,240.00 W,54
2023-01-21 12:50:46.733,NVIDIA GeForce RTX 3070,58 %,35 %,8192 MiB,7131 MiB,126.04 W,240.00 W,54
2023-01-21 12:50:47.733,NVIDIA GeForce RTX 3070,55 %,33 %,8192 MiB,7131 MiB,125.06 W,240.00 W,54
2023-01-21 12:50:48.734,NVIDIA GeForce RTX 3070,54 %,32 %,8192 MiB,7131 MiB,125.29 W,240.00 W,54
2023-01-21 12:50:49.735,NVIDIA GeForce RTX 3070,62 %,38 %,8192 MiB,7131 MiB,125.93 W,240.00 W,54
2023-01-21 12:50:50.735,NVIDIA GeForce RTX 3070,62 %,37 %,8192 MiB,7131 MiB,129.42 W,240.00 W,54
2023-01-21 12:50:51.736,NVIDIA GeForce RTX 3070,61 %,36 %,8192 MiB,7131 MiB,128.72 W,240.00 W,54
2023-01-21 12:50:52.737,NVIDIA GeForce RTX 3070,63 %,38 %,8192 MiB,7131 MiB,128.63 W,240.00 W,54
2023-01-21 12:50:53.738,NVIDIA GeForce RTX 3070,63 %,37 %,8192 MiB,7131 MiB,129.36 W,240.00 W,54
2023-01-21 12:50:54.738,NVIDIA GeForce RTX 3070,61 %,37 %,8192 MiB,7131 MiB,128.31 W,240.00 W,55
2023-01-21 12:50:55.739,NVIDIA GeForce RTX 3070,59 %,36 %,8192 MiB,7131 MiB,127.72 W,240.00 W,54
2023-01-21 12:50:56.740,NVIDIA GeForce RTX 3070,63 %,38 %,8192 MiB,7131 MiB,128.06 W,240.00 W,54
2023-01-21 12:50:57.741,NVIDIA GeForce RTX 3070,58 %,35 %,8192 MiB,7131 MiB,128.98 W,240.00 W,54
2023-01-21 12:50:58.742,NVIDIA GeForce RTX 3070,60 %,35 %,8192 MiB,7131 MiB,129.27 W,240.00 W,55
2023-01-21 12:50:59.743,NVIDIA GeForce RTX 3070,59 %,34 %,8192 MiB,7131 MiB,128.38 W,240.00 W,54
2023-01-21 12:51:00.744,NVIDIA GeForce RTX 3070,59 %,35 %,8192 MiB,7131 MiB,125.62 W,240.00 W,55
2023-01-21 12:51:01.745,NVIDIA GeForce RTX 3070,62 %,37 %,8192 MiB,7131 MiB,129.68 W,240.00 W,55
2023-01-21 12:51:02.746,NVIDIA GeForce RTX 3070,70 %,49 %,8192 MiB,7131 MiB,137.64 W,240.00 W,55
2023-01-21 12:51:03.747,NVIDIA GeForce RTX 3070,10 %,6 %,8192 MiB,7131 MiB,129.29 W,240.00 W,53
2023-01-21 12:51:04.747,NVIDIA GeForce RTX 3070,63 %,38 %,8192 MiB,7131 MiB,129.02 W,240.00 W,55
2023-01-21 12:51:05.748,NVIDIA GeForce RTX 3070,61 %,37 %,8192 MiB,7131 MiB,130.01 W,240.00 W,54
2023-01-21 12:51:06.749,NVIDIA GeForce RTX 3070,62 %,38 %,8192 MiB,7131 MiB,128.24 W,240.00 W,55
2023-01-21 12:51:07.750,NVIDIA GeForce RTX 3070,62 %,38 %,8192 MiB,7131 MiB,127.59 W,240.00 W,54
2023-01-21 12:51:08.751,NVIDIA GeForce RTX 3070,59 %,36 %,8192 MiB,7131 MiB,128.37 W,240.00 W,54
2023-01-21 12:51:09.752,NVIDIA GeForce RTX 3070,59 %,35 %,8192 MiB,7131 MiB,128.80 W,240.00 W,55
2023-01-21 12:51:10.753,NVIDIA GeForce RTX 3070,57 %,35 %,8192 MiB,7131 MiB,127.48 W,240.00 W,54
2023-01-21 12:51:11.754,NVIDIA GeForce RTX 3070,59 %,35 %,8192 MiB,7131 MiB,127.28 W,240.00 W,54
2023-01-21 12:51:12.754,NVIDIA GeForce RTX 3070,58 %,35 %,8192 MiB,7131 MiB,125.84 W,240.00 W,54
2023-01-21 12:51:13.755,NVIDIA GeForce RTX 3070,60 %,36 %,8192 MiB,7131 MiB,128.49 W,240.00 W,54
2023-01-21 12:51:14.756,NVIDIA GeForce RTX 3070,62 %,37 %,8192 MiB,7131 MiB,128.47 W,240.00 W,54
2023-01-21 12:51:15.757,NVIDIA GeForce RTX 3070,64 %,38 %,8192 MiB,7131 MiB,130.03 W,240.00 W,54
2023-01-21 12:51:16.759,NVIDIA GeForce RTX 3070,61 %,36 %,8192 MiB,7131 MiB,128.67 W,240.00 W,54
2023-01-21 12:51:17.760,NVIDIA GeForce RTX 3070,61 %,37 %,8192 MiB,7131 MiB,127.71 W,240.00 W,54
2023-01-21 12:51:18.761,NVIDIA GeForce RTX 3070,60 %,36 %,8192 MiB,7131 MiB,127.31 W,240.00 W,54
2023-01-21 12:51:19.762,NVIDIA GeForce RTX 3070,58 %,34 %,8192 MiB,7131 MiB,125.54 W,240.00 W,54
2023-01-21 12:51:20.763,NVIDIA GeForce RTX 3070,59 %,34 %,8192 MiB,7131 MiB,126.27 W,240.00 W,54
2023-01-21 12:51:21.764,NVIDIA GeForce RTX 3070,59 %,35 %,8192 MiB,7131 MiB,127.66 W,240.00 W,54
2023-01-21 12:51:22.764,NVIDIA GeForce RTX 3070,57 %,34 %,8192 MiB,7131 MiB,127.40 W,240.00 W,54
2023-01-21 12:51:23.765,NVIDIA GeForce RTX 3070,61 %,41 %,8192 MiB,7131 MiB,128.46 W,240.00 W,54
2023-01-21 12:51:24.766,NVIDIA GeForce RTX 3070,62 %,44 %,8192 MiB,7131 MiB,137.39 W,240.00 W,54
2023-01-21 12:51:25.767,NVIDIA GeForce RTX 3070,62 %,37 %,8192 MiB,7131 MiB,125.90 W,240.00 W,54
2023-01-21 12:51:26.768,NVIDIA GeForce RTX 3070,57 %,34 %,8192 MiB,7131 MiB,125.65 W,240.00 W,54
2023-01-21 12:51:27.770,NVIDIA GeForce RTX 3070,54 %,32 %,8192 MiB,7131 MiB,124.83 W,240.00 W,54
2023-01-21 12:51:28.770,NVIDIA GeForce RTX 3070,57 %,34 %,8192 MiB,7131 MiB,125.11 W,240.00 W,54
2023-01-21 12:51:29.772,NVIDIA GeForce RTX 3070,59 %,36 %,8192 MiB,7131 MiB,126.35 W,240.00 W,54
2023-01-21 12:51:30.773,NVIDIA GeForce RTX 3070,57 %,34 %,8192 MiB,7131 MiB,125.34 W,240.00 W,54
2023-01-21 12:51:31.774,NVIDIA GeForce RTX 3070,60 %,35 %,8192 MiB,7131 MiB,125.81 W,240.00 W,54
2023-01-21 12:51:32.775,NVIDIA GeForce RTX 3070,59 %,36 %,8192 MiB,7131 MiB,127.23 W,240.00 W,54
2023-01-21 12:51:33.777,NVIDIA GeForce RTX 3070,59 %,36 %,8192 MiB,7131 MiB,127.80 W,240.00 W,54
2023-01-21 12:51:34.778,NVIDIA GeForce RTX 3070,58 %,34 %,8192 MiB,7131 MiB,127.42 W,240.00 W,54
2023-01-21 12:51:35.779,NVIDIA GeForce RTX 3070,59 %,34 %,8192 MiB,7131 MiB,128.83 W,240.00 W,54
2023-01-21 12:51:36.780,NVIDIA GeForce RTX 3070,62 %,38 %,8192 MiB,7131 MiB,127.87 W,240.00 W,54
2023-01-21 12:51:37.781,NVIDIA GeForce RTX 3070,59 %,36 %,8192 MiB,7131 MiB,128.13 W,240.00 W,54
2023-01-21 12:51:38.782,NVIDIA GeForce RTX 3070,61 %,36 %,8192 MiB,7131 MiB,127.75 W,240.00 W,54
2023-01-21 12:51:39.783,NVIDIA GeForce RTX 3070,56 %,34 %,8192 MiB,7131 MiB,126.99 W,240.00 W,54
2023-01-21 12:51:40.784,NVIDIA GeForce RTX 3070,61 %,37 %,8192 MiB,7131 MiB,127.04 W,240.00 W,54
2023-01-21 12:51:41.785,NVIDIA GeForce RTX 3070,61 %,37 %,8192 MiB,7131 MiB,126.64 W,240.00 W,54
2023-01-21 12:51:42.786,NVIDIA GeForce RTX 3070,59 %,35 %,8192 MiB,7131 MiB,126.44 W,240.00 W,54
2023-01-21 12:51:43.788,NVIDIA GeForce RTX 3070,58 %,34 %,8192 MiB,7131 MiB,128.60 W,240.00 W,54
2023-01-21 12:51:44.789,NVIDIA GeForce RTX 3070,62 %,36 %,8192 MiB,7131 MiB,127.27 W,240.00 W,54
2023-01-21 12:51:45.790,NVIDIA GeForce RTX 3070,65 %,41 %,8192 MiB,7131 MiB,128.01 W,240.00 W,55
2023-01-21 12:51:46.791,NVIDIA GeForce RTX 3070,71 %,51 %,8192 MiB,7131 MiB,140.82 W,240.00 W,55
2023-01-21 12:51:47.793,NVIDIA GeForce RTX 3070,63 %,38 %,8192 MiB,7131 MiB,127.57 W,240.00 W,54
2023-01-21 12:51:48.794,NVIDIA GeForce RTX 3070,60 %,37 %,8192 MiB,7131 MiB,126.47 W,240.00 W,54
2023-01-21 12:51:49.795,NVIDIA GeForce RTX 3070,57 %,35 %,8192 MiB,7131 MiB,127.05 W,240.00 W,54
2023-01-21 12:51:50.796,NVIDIA GeForce RTX 3070,60 %,35 %,8192 MiB,7131 MiB,126.99 W,240.00 W,54
2023-01-21 12:51:51.798,NVIDIA GeForce RTX 3070,59 %,34 %,8192 MiB,7131 MiB,128.96 W,240.00 W,54
2023-01-21 12:51:52.799,NVIDIA GeForce RTX 3070,60 %,35 %,8192 MiB,7131 MiB,128.29 W,240.00 W,54
2023-01-21 12:51:53.800,NVIDIA GeForce RTX 3070,59 %,36 %,8192 MiB,7131 MiB,126.45 W,240.00 W,54
2023-01-21 12:51:54.801,NVIDIA GeForce RTX 3070,57 %,35 %,8192 MiB,7131 MiB,126.62 W,240.00 W,54
2023-01-21 12:51:55.802,NVIDIA GeForce RTX 3070,58 %,35 %,8192 MiB,7131 MiB,124.64 W,240.00 W,54
2023-01-21 12:51:56.804,NVIDIA GeForce RTX 3070,58 %,35 %,8192 MiB,7131 MiB,126.42 W,240.00 W,54
2023-01-21 12:51:57.805,NVIDIA GeForce RTX 3070,61 %,37 %,8192 MiB,7131 MiB,127.37 W,240.00 W,54
2023-01-21 12:51:58.806,NVIDIA GeForce RTX 3070,61 %,36 %,8192 MiB,7131 MiB,126.00 W,240.00 W,54
2023-01-21 12:51:59.808,NVIDIA GeForce RTX 3070,62 %,36 %,8192 MiB,7131 MiB,126.23 W,240.00 W,54
2023-01-21 12:52:00.809,NVIDIA GeForce RTX 3070,60 %,36 %,8192 MiB,7131 MiB,126.14 W,240.00 W,54
2023-01-21 12:52:01.811,NVIDIA GeForce RTX 3070,58 %,34 %,8192 MiB,7131 MiB,126.31 W,240.00 W,54
2023-01-21 12:52:02.812,NVIDIA GeForce RTX 3070,59 %,36 %,8192 MiB,7131 MiB,126.31 W,240.00 W,54
2023-01-21 12:52:03.813,NVIDIA GeForce RTX 3070,61 %,36 %,8192 MiB,7131 MiB,127.26 W,240.00 W,54
2023-01-21 12:52:04.815,NVIDIA GeForce RTX 3070,59 %,35 %,8192 MiB,7131 MiB,127.02 W,240.00 W,54
2023-01-21 12:52:05.816,NVIDIA GeForce RTX 3070,59 %,35 %,8192 MiB,7131 MiB,127.26 W,240.00 W,54
2023-01-21 12:52:06.817,NVIDIA GeForce RTX 3070,64 %,39 %,8192 MiB,7131 MiB,127.64 W,240.00 W,54
2023-01-21 12:52:07.819,NVIDIA GeForce RTX 3070,71 %,50 %,8192 MiB,7131 MiB,132.07 W,240.00 W,55
2023-01-21 12:52:08.820,NVIDIA GeForce RTX 3070,75 %,54 %,8192 MiB,7131 MiB,141.93 W,240.00 W,56
2023-01-21 12:52:09.824,NVIDIA GeForce RTX 3070,59 %,35 %,8192 MiB,7131 MiB,128.23 W,240.00 W,54
2023-01-21 12:52:10.826,NVIDIA GeForce RTX 3070,58 %,34 %,8192 MiB,7131 MiB,126.39 W,240.00 W,54
2023-01-21 12:52:11.827,NVIDIA GeForce RTX 3070,58 %,36 %,8192 MiB,7131 MiB,124.83 W,240.00 W,54
2023-01-21 12:52:12.828,NVIDIA GeForce RTX 3070,59 %,34 %,8192 MiB,7131 MiB,126.23 W,240.00 W,54
2023-01-21 12:52:13.830,NVIDIA GeForce RTX 3070,62 %,38 %,8192 MiB,7131 MiB,127.40 W,240.00 W,54
2023-01-21 12:52:14.831,NVIDIA GeForce RTX 3070,58 %,34 %,8192 MiB,7131 MiB,127.79 W,240.00 W,54
2023-01-21 12:52:15.832,NVIDIA GeForce RTX 3070,61 %,36 %,8192 MiB,7131 MiB,127.02 W,240.00 W,54
2023-01-21 12:52:16.834,NVIDIA GeForce RTX 3070,60 %,35 %,8192 MiB,7131 MiB,127.36 W,240.00 W,54
2023-01-21 12:52:17.835,NVIDIA GeForce RTX 3070,59 %,34 %,8192 MiB,7131 MiB,126.69 W,240.00 W,54
2023-01-21 12:52:18.836,NVIDIA GeForce RTX 3070,57 %,34 %,8192 MiB,7131 MiB,126.48 W,240.00 W,54
2023-01-21 12:52:19.837,NVIDIA GeForce RTX 3070,59 %,36 %,8192 MiB,7131 MiB,127.18 W,240.00 W,54
2023-01-21 12:52:20.838,NVIDIA GeForce RTX 3070,57 %,34 %,8192 MiB,7131 MiB,126.94 W,240.00 W,54
2023-01-21 12:52:21.839,NVIDIA GeForce RTX 3070,61 %,36 %,8192 MiB,7131 MiB,127.53 W,240.00 W,54
2023-01-21 12:52:22.840,NVIDIA GeForce RTX 3070,57 %,34 %,8192 MiB,7131 MiB,127.55 W,240.00 W,54
2023-01-21 12:52:23.840,NVIDIA GeForce RTX 3070,59 %,36 %,8192 MiB,7131 MiB,127.12 W,240.00 W,54
2023-01-21 12:52:24.841,NVIDIA GeForce RTX 3070,59 %,36 %,8192 MiB,7131 MiB,128.35 W,240.00 W,54
2023-01-21 12:52:25.842,NVIDIA GeForce RTX 3070,62 %,36 %,8192 MiB,7131 MiB,127.79 W,240.00 W,54
2023-01-21 12:52:26.842,NVIDIA GeForce RTX 3070,60 %,35 %,8192 MiB,7131 MiB,129.94 W,240.00 W,54
2023-01-21 12:52:27.843,NVIDIA GeForce RTX 3070,58 %,34 %,8192 MiB,7131 MiB,125.76 W,240.00 W,54
2023-01-21 12:52:28.844,NVIDIA GeForce RTX 3070,64 %,38 %,8192 MiB,7131 MiB,127.86 W,240.00 W,54
2023-01-21 12:52:29.844,NVIDIA GeForce RTX 3070,68 %,48 %,8192 MiB,7131 MiB,130.59 W,240.00 W,55
2023-01-21 12:52:30.845,NVIDIA GeForce RTX 3070,58 %,41 %,8192 MiB,7131 MiB,135.97 W,240.00 W,54
2023-01-21 12:52:31.846,NVIDIA GeForce RTX 3070,58 %,34 %,8192 MiB,7131 MiB,124.21 W,240.00 W,54
2023-01-21 12:52:32.846,NVIDIA GeForce RTX 3070,61 %,36 %,8192 MiB,7131 MiB,127.16 W,240.00 W,54
2023-01-21 12:52:33.847,NVIDIA GeForce RTX 3070,59 %,35 %,8192 MiB,7131 MiB,127.60 W,240.00 W,54
2023-01-21 12:52:34.848,NVIDIA GeForce RTX 3070,57 %,34 %,8192 MiB,7131 MiB,129.21 W,240.00 W,54
2023-01-21 12:52:35.849,NVIDIA GeForce RTX 3070,60 %,36 %,8192 MiB,7131 MiB,125.23 W,240.00 W,54
2023-01-21 12:52:36.850,NVIDIA GeForce RTX 3070,62 %,37 %,8192 MiB,7131 MiB,127.43 W,240.00 W,54
2023-01-21 12:52:37.851,NVIDIA GeForce RTX 3070,58 %,34 %,8192 MiB,7131 MiB,127.58 W,240.00 W,54
2023-01-21 12:52:38.852,NVIDIA GeForce RTX 3070,60 %,36 %,8192 MiB,7131 MiB,127.26 W,240.00 W,54
2023-01-21 12:52:39.853,NVIDIA GeForce RTX 3070,58 %,34 %,8192 MiB,7131 MiB,126.12 W,240.00 W,54
2023-01-21 12:52:40.854,NVIDIA GeForce RTX 3070,62 %,36 %,8192 MiB,7131 MiB,126.82 W,240.00 W,54
2023-01-21 12:52:41.854,NVIDIA GeForce RTX 3070,63 %,38 %,8192 MiB,7131 MiB,128.59 W,240.00 W,54
2023-01-21 12:52:42.855,NVIDIA GeForce RTX 3070,60 %,37 %,8192 MiB,7131 MiB,129.85 W,240.00 W,54
2023-01-21 12:52:43.856,NVIDIA GeForce RTX 3070,60 %,36 %,8192 MiB,7131 MiB,127.33 W,240.00 W,54
2023-01-21 12:52:44.857,NVIDIA GeForce RTX 3070,62 %,38 %,8192 MiB,7131 MiB,128.60 W,240.00 W,54
2023-01-21 12:52:45.858,NVIDIA GeForce RTX 3070,61 %,36 %,8192 MiB,7131 MiB,129.40 W,240.00 W,54
2023-01-21 12:52:46.859,NVIDIA GeForce RTX 3070,59 %,36 %,8192 MiB,7131 MiB,126.49 W,240.00 W,54
2023-01-21 12:52:47.860,NVIDIA GeForce RTX 3070,63 %,37 %,8192 MiB,7131 MiB,127.18 W,240.00 W,54
2023-01-21 12:52:48.861,NVIDIA GeForce RTX 3070,59 %,36 %,8192 MiB,7131 MiB,127.03 W,240.00 W,54
2023-01-21 12:52:49.861,NVIDIA GeForce RTX 3070,59 %,36 %,8192 MiB,7131 MiB,124.58 W,240.00 W,54
2023-01-21 12:52:50.863,NVIDIA GeForce RTX 3070,57 %,34 %,8192 MiB,7131 MiB,125.97 W,240.00 W,54
2023-01-21 12:52:51.863,NVIDIA GeForce RTX 3070,60 %,43 %,8192 MiB,7131 MiB,129.00 W,240.00 W,54
2023-01-21 12:52:52.864,NVIDIA GeForce RTX 3070,53 %,38 %,8192 MiB,7131 MiB,131.95 W,240.00 W,52
2023-01-21 12:52:53.866,NVIDIA GeForce RTX 3070,61 %,36 %,8192 MiB,7131 MiB,123.99 W,240.00 W,54
2023-01-21 12:52:54.867,NVIDIA GeForce RTX 3070,58 %,34 %,8192 MiB,7131 MiB,126.99 W,240.00 W,54
2023-01-21 12:52:55.868,NVIDIA GeForce RTX 3070,56 %,34 %,8192 MiB,7131 MiB,125.79 W,240.00 W,54
2023-01-21 12:52:56.869,NVIDIA GeForce RTX 3070,63 %,39 %,8192 MiB,7131 MiB,128.76 W,240.00 W,54
2023-01-21 12:52:57.870,NVIDIA GeForce RTX 3070,62 %,36 %,8192 MiB,7131 MiB,128.35 W,240.00 W,54
2023-01-21 12:52:58.871,NVIDIA GeForce RTX 3070,57 %,35 %,8192 MiB,7131 MiB,127.92 W,240.00 W,54
2023-01-21 12:52:59.872,NVIDIA GeForce RTX 3070,56 %,33 %,8192 MiB,7131 MiB,126.22 W,240.00 W,54
2023-01-21 12:53:00.873,NVIDIA GeForce RTX 3070,58 %,35 %,8192 MiB,7131 MiB,125.57 W,240.00 W,54
2023-01-21 12:53:01.874,NVIDIA GeForce RTX 3070,59 %,36 %,8192 MiB,7131 MiB,125.01 W,240.00 W,54
2023-01-21 12:53:02.874,NVIDIA GeForce RTX 3070,59 %,34 %,8192 MiB,7131 MiB,127.67 W,240.00 W,54
2023-01-21 12:53:03.875,NVIDIA GeForce RTX 3070,61 %,36 %,8192 MiB,7131 MiB,126.58 W,240.00 W,54
2023-01-21 12:53:04.877,NVIDIA GeForce RTX 3070,60 %,36 %,8192 MiB,7131 MiB,125.74 W,240.00 W,54
2023-01-21 12:53:05.878,NVIDIA GeForce RTX 3070,58 %,36 %,8192 MiB,7131 MiB,127.33 W,240.00 W,54
2023-01-21 12:53:06.879,NVIDIA GeForce RTX 3070,61 %,38 %,8192 MiB,7131 MiB,127.06 W,240.00 W,54
2023-01-21 12:53:07.880,NVIDIA GeForce RTX 3070,62 %,38 %,8192 MiB,7131 MiB,129.09 W,240.00 W,55
2023-01-21 12:53:08.881,NVIDIA GeForce RTX 3070,61 %,37 %,8192 MiB,7131 MiB,128.17 W,240.00 W,54
2023-01-21 12:53:09.883,NVIDIA GeForce RTX 3070,65 %,39 %,8192 MiB,7131 MiB,127.98 W,240.00 W,54
2023-01-21 12:53:10.884,NVIDIA GeForce RTX 3070,62 %,38 %,8192 MiB,7131 MiB,128.15 W,240.00 W,54
2023-01-21 12:53:11.885,NVIDIA GeForce RTX 3070,61 %,37 %,8192 MiB,7131 MiB,126.78 W,240.00 W,54
2023-01-21 12:53:12.886,NVIDIA GeForce RTX 3070,57 %,34 %,8192 MiB,7131 MiB,125.19 W,240.00 W,54
2023-01-21 12:53:13.887,NVIDIA GeForce RTX 3070,66 %,47 %,8192 MiB,7131 MiB,132.03 W,240.00 W,55
2023-01-21 12:53:14.888,NVIDIA GeForce RTX 3070,13 %,8 %,8192 MiB,7131 MiB,127.12 W,240.00 W,51
2023-01-21 12:53:15.890,NVIDIA GeForce RTX 3070,0 %,0 %,8192 MiB,7131 MiB,69.08 W,240.00 W,49
2023-01-21 12:53:16.891,NVIDIA GeForce RTX 3070,0 %,0 %,8192 MiB,7131 MiB,64.12 W,240.00 W,48
2023-01-21 12:53:17.892,NVIDIA GeForce RTX 3070,0 %,0 %,8192 MiB,7131 MiB,55.17 W,240.00 W,47
